-- --------------------------------------------------------
-- Host:                         127.0.0.1
-- Server version:               5.7.33 - MySQL Community Server (GPL)
-- Server OS:                    Win64
-- HeidiSQL Version:             11.2.0.6213
-- --------------------------------------------------------

/*!40101 SET @OLD_CHARACTER_SET_CLIENT=@@CHARACTER_SET_CLIENT */;
/*!40101 SET NAMES utf8 */;
/*!50503 SET NAMES utf8mb4 */;
/*!40014 SET @OLD_FOREIGN_KEY_CHECKS=@@FOREIGN_KEY_CHECKS, FOREIGN_KEY_CHECKS=0 */;
/*!40101 SET @OLD_SQL_MODE=@@SQL_MODE, SQL_MODE='NO_AUTO_VALUE_ON_ZERO' */;
/*!40111 SET @OLD_SQL_NOTES=@@SQL_NOTES, SQL_NOTES=0 */;

-- Dumping structure for table pimku.clients
CREATE TABLE IF NOT EXISTS `clients` (
  `id` int(11) NOT NULL AUTO_INCREMENT,
  `name` varchar(255) COLLATE latin1_general_ci DEFAULT NULL,
  `company` varchar(255) COLLATE latin1_general_ci DEFAULT NULL,
  `country` varchar(255) COLLATE latin1_general_ci DEFAULT NULL,
  `address` text COLLATE latin1_general_ci,
  `email` varchar(255) COLLATE latin1_general_ci DEFAULT NULL,
  `phone` varchar(255) COLLATE latin1_general_ci DEFAULT NULL,
  `create_by` int(11) DEFAULT NULL,
  `created_at` timestamp NULL DEFAULT NULL,
  `updated_at` timestamp NULL DEFAULT NULL,
  PRIMARY KEY (`id`)
) ENGINE=InnoDB AUTO_INCREMENT=22 DEFAULT CHARSET=latin1 COLLATE=latin1_general_ci;

-- Dumping data for table pimku.clients: ~20 rows (approximately)
/*!40000 ALTER TABLE `clients` DISABLE KEYS */;
REPLACE INTO `clients` (`id`, `name`, `company`, `country`, `address`, `email`, `phone`, `create_by`, `created_at`, `updated_at`) VALUES
	(2, 'Mrs. Gabriella Walker', 'Kemmer Inc', 'El Salvador', '3533 Nestor Drives Suite 803\nLake Blair, NV 47131-2413', 'rau.adrienne@pfeffer.biz', '+1.584.941.3670', 1, '2022-12-01 11:02:41', '2022-12-01 11:02:41'),
	(3, 'Ms. Burnice Langosh', 'Stiedemann-Pacocha', 'Aruba', '4556 Domenick Port\nSouth Clayville, DE 37697-8427', 'shields.abigale@yahoo.com', '(223) 843-1091 x8713', 1, '2022-12-01 11:02:41', '2022-12-01 11:02:41'),
	(4, 'Delpha Jacobson', 'Fadel-Kulas', 'Denmark', '77893 Ullrich Valleys\nWest Linniebury, TX 87233', 'kilback.jerad@yahoo.com', '(819) 710-1518 x438', 1, '2022-12-01 11:02:41', '2022-12-01 11:02:41'),
	(5, 'Jennifer Hirthe', 'Yost and Sons', 'Lithuania', '6591 Kuhlman Trail\nEast Tateshire, MT 57563-2961', 'desiree37@boyer.com', '632.229.7775 x23329', 1, '2022-12-01 11:02:41', '2022-12-01 11:02:41'),
	(6, 'Rhiannon Bogan Jr.', 'O\'Conner PLC', 'Yemen', '153 Judge Rapid Suite 947\nEast Uriah, OR 18937', 'kmckenzie@gmail.com', '1-972-907-5019 x25090', 1, '2022-12-01 11:02:41', '2022-12-01 11:02:41'),
	(7, 'Lenna McKenzie', 'Considine, Torp and Feil', 'Seychelles', '584 Burnice Inlet Apt. 224\nZoeberg, MT 61686-5534', 'verlie.kertzmann@hotmail.com', '432.547.2044 x08307', 1, '2022-12-01 11:02:41', '2022-12-01 11:02:41'),
	(8, 'Estrella Stiedemann', 'Kiehn-Cronin', 'Cuba', '9552 Prohaska Union Apt. 303\nSylvanmouth, MD 65401-4641', 'alexandrine.jenkins@leffler.com', '827-349-7463', 1, '2022-12-01 11:02:41', '2022-12-01 11:02:41'),
	(9, 'Kelley Hackett', 'Christiansen, Barton and Blick', 'Macao', '2172 Josiah Vista\nSouth Carleeburgh, AL 00051-5983', 'corwin.shaniya@rutherford.com', '1-802-560-8484 x0900', 1, '2022-12-01 11:02:41', '2022-12-01 11:02:41'),
	(10, 'Dr. Eldon Hirthe', 'Abbott LLC', 'Armenia', '7653 Marianna Passage Suite 881\nZboncakport, SD 32506', 'schmitt.henri@gmail.com', '605.784.9266 x0199', 1, '2022-12-01 11:02:41', '2022-12-01 11:02:41'),
	(11, 'Marilie Daniel', 'Medhurst PLC', 'Macao', '2387 Gay Green Apt. 632\nWalkerberg, RI 46542-1636', 'kennedy14@gmail.com', '(572) 660-5144', 1, '2022-12-01 11:02:41', '2022-12-01 11:02:41'),
	(12, 'Betsy Denesik', 'Gibson, Thiel and Senger', 'French Southern Territories', '9378 White Ville\nEast Caraland, NM 16046', 'werner.hammes@gmail.com', '637-273-4581 x3245', 1, '2022-12-01 11:02:41', '2022-12-01 11:02:41'),
	(13, 'Raymond Collins', 'Pfannerstill, Renner and Lueilwitz', 'United States Minor Outlying Islands', '8384 Brenna Throughway\nPort Doyleshire, IN 15542-2608', 'bethel.kozey@goldner.com', '287.484.8303 x42602', 1, '2022-12-01 11:02:41', '2022-12-01 11:02:41'),
	(14, 'Miss Rosetta Quigley', 'Krajcik, Leuschke and Hills', 'Brazil', '840 Littel Circles Suite 252\nLake Billy, ID 39233', 'gwintheiser@jakubowski.com', '+12784696095', 1, '2022-12-01 11:02:41', '2022-12-01 11:02:41'),
	(15, 'Jon Ledner V', 'Cole, Koch and Walker', 'Cocos (Keeling) Islands', '91373 Gina Mountain Apt. 884\nWest Andreanne, VT 13574', 'kirsten05@hotmail.com', '+1-217-801-1899', 1, '2022-12-01 11:02:41', '2022-12-01 11:02:41'),
	(16, 'Laney Kreiger', 'Harvey, Schaefer and Hoppe', 'Hong Kong', '30335 Kuvalis Mountains Suite 603\nWest Rafaelstad, IL 64427-8561', 'nikki.mitchell@fritsch.info', '1-987-859-5585 x8036', 1, '2022-12-01 11:02:41', '2022-12-01 11:02:41'),
	(17, 'Icie Paucek', 'Mohr, Parisian and Reynolds', 'China', '82714 Schiller Pike Apt. 447\nSchneiderburgh, NC 99284', 'kennedi.tremblay@gmail.com', '(615) 427-2068 x085', 1, '2022-12-01 11:02:41', '2022-12-01 11:02:41'),
	(18, 'Eldred Fadel', 'Hill-Muller', 'Marshall Islands', '9922 Feeney Rapid\nEast Mekhi, ID 43377', 'abdiel.altenwerth@hegmann.com', '464.912.6744 x0258', 1, '2022-12-01 11:02:41', '2022-12-01 11:02:41'),
	(19, 'Prof. Vito Cremin V', 'Krajcik, Heathcote and Ernser', 'Colombia', '4022 Nicolas Throughway\nWest Amaristad, MN 35089', 'hansen.jena@walker.info', '448.852.8832 x94757', 1, '2022-12-01 11:02:41', '2022-12-01 11:02:41'),
	(20, 'Dr. Frankie Wunsch DDS', 'Fadel LLC', 'South Georgia and the South Sandwich Islands', '405 Pascale Bypass Suite 517\nRahulbury, OR 80644-1726', 'russel.louvenia@gmail.com', '463-933-5798 x71946', 1, '2022-12-01 11:02:41', '2022-12-01 11:02:41'),
	(21, 'Estevan Stracke', 'Schamberger PLC', 'Sierra Leone', '9189 Swaniawski Ferry Suite 559\nPort Dejaville, NH 96948-3261', 'mara.upton@yahoo.com', '+1-858-521-9885', 1, '2022-12-01 11:02:41', '2022-12-01 11:02:41');
/*!40000 ALTER TABLE `clients` ENABLE KEYS */;

-- Dumping structure for table pimku.complexities
CREATE TABLE IF NOT EXISTS `complexities` (
  `id` int(11) NOT NULL AUTO_INCREMENT,
  `name` varchar(50) COLLATE latin1_general_ci DEFAULT NULL,
  `created_at` timestamp NULL DEFAULT NULL,
  `updated_at` timestamp NULL DEFAULT NULL,
  PRIMARY KEY (`id`)
) ENGINE=InnoDB AUTO_INCREMENT=4 DEFAULT CHARSET=latin1 COLLATE=latin1_general_ci;

-- Dumping data for table pimku.complexities: ~4 rows (approximately)
/*!40000 ALTER TABLE `complexities` DISABLE KEYS */;
REPLACE INTO `complexities` (`id`, `name`, `created_at`, `updated_at`) VALUES
	(1, 'Level 1', '2022-11-22 22:54:44', '2022-11-22 22:54:44'),
	(2, 'Level 2', '2022-11-22 22:54:49', '2022-11-22 22:54:49'),
	(3, 'Level 3', '2022-11-22 22:54:58', '2022-11-22 22:54:58');
/*!40000 ALTER TABLE `complexities` ENABLE KEYS */;

-- Dumping structure for table pimku.departments
CREATE TABLE IF NOT EXISTS `departments` (
  `id` bigint(20) unsigned NOT NULL AUTO_INCREMENT,
  `name` varchar(255) COLLATE utf8mb4_unicode_ci NOT NULL,
  `create_by` int(11) NOT NULL DEFAULT '0',
  `created_at` timestamp NULL DEFAULT NULL,
  `updated_at` timestamp NULL DEFAULT NULL,
  PRIMARY KEY (`id`) USING BTREE
) ENGINE=InnoDB AUTO_INCREMENT=5 DEFAULT CHARSET=utf8mb4 COLLATE=utf8mb4_unicode_ci;

-- Dumping data for table pimku.departments: ~4 rows (approximately)
/*!40000 ALTER TABLE `departments` DISABLE KEYS */;
REPLACE INTO `departments` (`id`, `name`, `create_by`, `created_at`, `updated_at`) VALUES
	(1, 'Marketing', 1, '2022-12-01 10:44:06', '2022-12-01 10:44:06'),
	(2, 'HR', 1, '2022-12-01 10:44:12', '2022-12-01 10:44:12'),
	(3, 'Finance', 1, '2022-12-01 10:44:15', '2022-12-01 10:44:15'),
	(4, 'R&D', 1, '2022-12-01 10:44:23', '2022-12-01 10:44:29');
/*!40000 ALTER TABLE `departments` ENABLE KEYS */;

-- Dumping structure for table pimku.employees
CREATE TABLE IF NOT EXISTS `employees` (
  `id` int(11) NOT NULL AUTO_INCREMENT,
  `code` varchar(50) COLLATE latin1_general_ci NOT NULL DEFAULT '',
  `name` varchar(255) COLLATE latin1_general_ci NOT NULL DEFAULT '',
  `employee_type_id` int(11) NOT NULL DEFAULT '0',
  `department_id` int(11) NOT NULL DEFAULT '0',
  `create_by` int(11) NOT NULL DEFAULT '0',
  `created_at` timestamp NULL DEFAULT NULL,
  `updated_at` timestamp NULL DEFAULT NULL,
  PRIMARY KEY (`id`)
) ENGINE=InnoDB AUTO_INCREMENT=21 DEFAULT CHARSET=latin1 COLLATE=latin1_general_ci;

-- Dumping data for table pimku.employees: ~20 rows (approximately)
/*!40000 ALTER TABLE `employees` DISABLE KEYS */;
REPLACE INTO `employees` (`id`, `code`, `name`, `employee_type_id`, `department_id`, `create_by`, `created_at`, `updated_at`) VALUES
	(1, 'EMP-01', 'Kristoffer Stiedemann', 2, 1, 1, '2022-12-01 10:59:31', '2022-12-01 10:59:31'),
	(2, 'EMP-02', 'Miss Stephania Quitzon', 3, 4, 1, '2022-12-01 10:59:31', '2022-12-01 10:59:31'),
	(3, 'EMP-03', 'Maurice Klein', 4, 1, 1, '2022-12-01 10:59:31', '2022-12-01 10:59:31'),
	(4, 'EMP-04', 'Desiree Legros', 2, 4, 1, '2022-12-01 10:59:31', '2022-12-01 10:59:31'),
	(5, 'EMP-05', 'Mary Powlowski', 2, 3, 1, '2022-12-01 10:59:31', '2022-12-01 10:59:31'),
	(6, 'EMP-06', 'Ola Johns DVM', 1, 2, 1, '2022-12-01 10:59:31', '2022-12-01 10:59:31'),
	(7, 'EMP-07', 'Triston Breitenberg', 1, 3, 1, '2022-12-01 10:59:31', '2022-12-01 10:59:31'),
	(8, 'EMP-08', 'Prof. Amari Bashirian', 2, 4, 1, '2022-12-01 10:59:31', '2022-12-01 10:59:31'),
	(9, 'EMP-09', 'Miss Aliyah Heathcote IV', 4, 2, 1, '2022-12-01 10:59:31', '2022-12-01 10:59:31'),
	(10, 'EMP-10', 'Mrs. Kylee Keebler', 1, 1, 1, '2022-12-01 10:59:31', '2022-12-01 10:59:31'),
	(11, 'EMP-11', 'Jefferey Green', 2, 2, 1, '2022-12-01 10:59:46', '2022-12-01 10:59:46'),
	(12, 'EMP-12', 'Dr. Kris Keeling', 1, 4, 1, '2022-12-01 10:59:46', '2022-12-01 10:59:46'),
	(13, 'EMP-13', 'Mr. Edgardo Watsica II', 3, 3, 1, '2022-12-01 10:59:46', '2022-12-01 10:59:46'),
	(14, 'EMP-14', 'Scot Senger', 2, 3, 1, '2022-12-01 10:59:46', '2022-12-01 10:59:46'),
	(15, 'EMP-15', 'Prof. Toby Padberg', 3, 4, 1, '2022-12-01 10:59:46', '2022-12-01 10:59:46'),
	(16, 'EMP-16', 'Rudy Kutch', 4, 4, 1, '2022-12-01 10:59:46', '2022-12-01 10:59:46'),
	(17, 'EMP-17', 'Ms. Camila Sporer DDS', 3, 3, 1, '2022-12-01 10:59:46', '2022-12-01 10:59:46'),
	(18, 'EMP-18', 'Chelsea Will DDS', 1, 3, 1, '2022-12-01 10:59:46', '2022-12-01 10:59:46'),
	(19, 'EMP-19', 'Ms. Vicenta Gusikowski', 2, 2, 1, '2022-12-01 10:59:46', '2022-12-01 10:59:46'),
	(20, 'EMP-20', 'Cynthia Davis I', 1, 2, 1, '2022-12-01 10:59:46', '2022-12-01 10:59:46');
/*!40000 ALTER TABLE `employees` ENABLE KEYS */;

-- Dumping structure for table pimku.employee_types
CREATE TABLE IF NOT EXISTS `employee_types` (
  `id` bigint(20) unsigned NOT NULL AUTO_INCREMENT,
  `name` varchar(255) COLLATE utf8mb4_unicode_ci NOT NULL,
  `create_by` int(11) NOT NULL DEFAULT '0',
  `created_at` timestamp NULL DEFAULT NULL,
  `updated_at` timestamp NULL DEFAULT NULL,
  PRIMARY KEY (`id`) USING BTREE
) ENGINE=InnoDB AUTO_INCREMENT=5 DEFAULT CHARSET=utf8mb4 COLLATE=utf8mb4_unicode_ci;

-- Dumping data for table pimku.employee_types: ~4 rows (approximately)
/*!40000 ALTER TABLE `employee_types` DISABLE KEYS */;
REPLACE INTO `employee_types` (`id`, `name`, `create_by`, `created_at`, `updated_at`) VALUES
	(1, 'Permanent', 1, '2022-12-01 10:44:45', '2022-12-01 10:44:45'),
	(2, 'Contract', 1, '2022-12-01 10:44:50', '2022-12-01 10:44:50'),
	(3, 'Full Time', 1, '2022-12-01 10:44:57', '2022-12-01 10:45:02'),
	(4, 'Part Time', 1, '2022-12-01 10:45:28', '2022-12-01 10:45:28');
/*!40000 ALTER TABLE `employee_types` ENABLE KEYS */;

-- Dumping structure for table pimku.expenses
CREATE TABLE IF NOT EXISTS `expenses` (
  `id` int(11) NOT NULL AUTO_INCREMENT,
  `project_id` int(11) NOT NULL DEFAULT '0',
  `date` date DEFAULT NULL,
  `description` text COLLATE latin1_general_ci,
  `reference_number` varchar(255) COLLATE latin1_general_ci DEFAULT NULL,
  `amount` decimal(20,2) DEFAULT NULL,
  `remarks` varchar(255) COLLATE latin1_general_ci DEFAULT NULL,
  `create_by` int(11) DEFAULT NULL,
  `created_at` timestamp NULL DEFAULT NULL,
  `updated_at` timestamp NULL DEFAULT NULL,
  PRIMARY KEY (`id`)
) ENGINE=InnoDB AUTO_INCREMENT=201 DEFAULT CHARSET=latin1 COLLATE=latin1_general_ci;

-- Dumping data for table pimku.expenses: ~200 rows (approximately)
/*!40000 ALTER TABLE `expenses` DISABLE KEYS */;
REPLACE INTO `expenses` (`id`, `project_id`, `date`, `description`, `reference_number`, `amount`, `remarks`, `create_by`, `created_at`, `updated_at`) VALUES
	(1, 12, '2023-02-22', 'Sed animi vel ut voluptas.', '84207791', 5073631.00, 'AP', 1, '2022-12-01 11:52:54', '2022-12-01 11:52:54'),
	(2, 1, '2023-06-10', 'Dignissimos eum numquam unde numquam nihil tenetur incidunt libero.', '18841886', 1469380.00, 'AP', 1, '2022-12-01 11:52:54', '2022-12-01 11:52:54'),
	(3, 17, '2023-04-22', 'Nostrum harum et et velit.', '33071923', 4688410.00, 'AP', 1, '2022-12-01 11:52:54', '2022-12-01 11:52:54'),
	(4, 9, '2023-10-07', 'Nobis corporis et provident.', '64285467', 3938752.00, 'AP', 1, '2022-12-01 11:52:54', '2022-12-01 11:52:54'),
	(5, 15, '2023-12-25', 'Maxime qui quia reprehenderit eligendi debitis.', '17618007', 5095340.00, 'AP', 1, '2022-12-01 11:52:54', '2022-12-01 11:52:54'),
	(6, 1, '2023-11-01', 'Voluptas velit velit sapiente necessitatibus qui suscipit.', '74893041', 8423098.00, 'AP', 1, '2022-12-01 11:52:54', '2022-12-01 11:52:54'),
	(7, 12, '2023-08-02', 'Perspiciatis consequatur mollitia itaque officiis.', '82976545', 2767694.00, 'AP', 1, '2022-12-01 11:52:54', '2022-12-01 11:52:54'),
	(8, 7, '2023-03-09', 'In reprehenderit nihil sequi rerum at.', '03144701', 3098191.00, 'AP', 1, '2022-12-01 11:52:54', '2022-12-01 11:52:54'),
	(9, 20, '2023-04-27', 'Est sint vero esse nobis sed deleniti nulla.', '88222790', 9423834.00, 'AP', 1, '2022-12-01 11:52:54', '2022-12-01 11:52:54'),
	(10, 8, '2023-04-17', 'Optio beatae at ut dignissimos quaerat suscipit consequatur.', '37186814', 9727376.00, 'AP', 1, '2022-12-01 11:52:54', '2022-12-01 11:52:54'),
	(11, 20, '2023-04-14', 'Et sit vitae ex consectetur vel est.', '26182230', 7799014.00, 'AP', 1, '2022-12-01 11:52:54', '2022-12-01 11:52:54'),
	(12, 15, '2023-07-26', 'Ducimus ut dolore adipisci odit.', '48941259', 2965820.00, 'AP', 1, '2022-12-01 11:52:54', '2022-12-01 11:52:54'),
	(13, 20, '2023-02-04', 'Repellat ea vel quos qui.', '36343485', 7346325.00, 'AP', 1, '2022-12-01 11:52:54', '2022-12-01 11:52:54'),
	(14, 12, '2023-06-04', 'Eum quis ut sint.', '29773008', 4671495.00, 'AP', 1, '2022-12-01 11:52:54', '2022-12-01 11:52:54'),
	(15, 19, '2023-01-31', 'Illum tempore consequatur quisquam doloremque distinctio nihil deleniti temporibus.', '75086640', 7908543.00, 'AP', 1, '2022-12-01 11:52:54', '2022-12-01 11:52:54'),
	(16, 5, '2023-07-16', 'Itaque corporis qui aut possimus.', '61735958', 5670432.00, 'AP', 1, '2022-12-01 11:52:54', '2022-12-01 11:52:54'),
	(17, 13, '2023-11-13', 'Repellendus exercitationem inventore sunt a.', '88849331', 9486163.00, 'AP', 1, '2022-12-01 11:52:54', '2022-12-01 11:52:54'),
	(18, 5, '2023-03-25', 'Possimus cum consequatur hic dolores harum qui reprehenderit.', '79968881', 9487199.00, 'AP', 1, '2022-12-01 11:52:55', '2022-12-01 11:52:55'),
	(19, 14, '2023-03-01', 'Eaque non rerum vero consequatur.', '19059648', 2451386.00, 'AP', 1, '2022-12-01 11:52:55', '2022-12-01 11:52:55'),
	(20, 10, '2023-06-03', 'Aut cum iure quia explicabo nostrum.', '21375958', 5873401.00, 'AP', 1, '2022-12-01 11:52:55', '2022-12-01 11:52:55'),
	(21, 19, '2023-01-29', 'Quia iure vero voluptate ullam consequatur.', '83259036', 6238850.00, 'AP', 1, '2022-12-01 11:52:55', '2022-12-01 11:52:55'),
	(22, 2, '2023-12-03', 'Ducimus consequatur facilis recusandae vitae ut.', '41545423', 8980345.00, 'AP', 1, '2022-12-01 11:52:55', '2022-12-01 11:52:55'),
	(23, 11, '2023-12-15', 'Sed at dolor et voluptate impedit.', '23475175', 8368056.00, 'AP', 1, '2022-12-01 11:52:55', '2022-12-01 11:52:55'),
	(24, 6, '2023-08-26', 'Asperiores quaerat sed nesciunt ex voluptates.', '60673657', 4011675.00, 'AP', 1, '2022-12-01 11:52:55', '2022-12-01 11:52:55'),
	(25, 5, '2023-04-29', 'Sit sint non magnam eius minima consequuntur.', '98203680', 9200301.00, 'AP', 1, '2022-12-01 11:52:55', '2022-12-01 11:52:55'),
	(26, 5, '2023-01-25', 'Non id cum deserunt delectus quos quasi numquam et.', '90749629', 6879060.00, 'AP', 1, '2022-12-01 11:52:55', '2022-12-01 11:52:55'),
	(27, 11, '2023-11-22', 'Dolor illo repudiandae ut voluptatem rerum et sint.', '99769109', 8619327.00, 'AP', 1, '2022-12-01 11:52:55', '2022-12-01 11:52:55'),
	(28, 1, '2023-08-27', 'Quidem asperiores quaerat iste pariatur excepturi qui amet.', '32524116', 6598972.00, 'AP', 1, '2022-12-01 11:52:55', '2022-12-01 11:52:55'),
	(29, 17, '2023-03-11', 'Velit cupiditate quo unde reprehenderit.', '73291978', 6581176.00, 'AP', 1, '2022-12-01 11:52:55', '2022-12-01 11:52:55'),
	(30, 19, '2023-02-23', 'Sit voluptatum et maxime neque.', '29162352', 3310966.00, 'AP', 1, '2022-12-01 11:52:55', '2022-12-01 11:52:55'),
	(31, 17, '2023-07-26', 'Sed cum dignissimos qui voluptas voluptas aut magnam modi.', '21424311', 7373364.00, 'AP', 1, '2022-12-01 11:52:55', '2022-12-01 11:52:55'),
	(32, 12, '2023-05-19', 'Sint cupiditate voluptas est aliquid.', '78073913', 1166096.00, 'AP', 1, '2022-12-01 11:52:55', '2022-12-01 11:52:55'),
	(33, 17, '2023-09-06', 'Et qui dicta quos necessitatibus nulla sed ipsam.', '05322879', 4220719.00, 'AP', 1, '2022-12-01 11:52:55', '2022-12-01 11:52:55'),
	(34, 6, '2023-12-03', 'Voluptatibus harum perspiciatis quae molestias id dicta ullam labore.', '81672929', 9357008.00, 'AP', 1, '2022-12-01 11:52:55', '2022-12-01 11:52:55'),
	(35, 18, '2023-09-03', 'Nesciunt molestias ut reiciendis pariatur molestias.', '93914833', 8523581.00, 'AP', 1, '2022-12-01 11:52:55', '2022-12-01 11:52:55'),
	(36, 6, '2023-01-26', 'Quidem quaerat sint laboriosam deserunt natus nobis voluptas.', '89441312', 8498008.00, 'AP', 1, '2022-12-01 11:52:55', '2022-12-01 11:52:55'),
	(37, 6, '2023-07-15', 'Explicabo voluptatem neque odio dolores.', '48339339', 7560597.00, 'AP', 1, '2022-12-01 11:52:55', '2022-12-01 11:52:55'),
	(38, 10, '2023-06-03', 'Est dolorem aliquid ab magni.', '56292350', 1535199.00, 'AP', 1, '2022-12-01 11:52:55', '2022-12-01 11:52:55'),
	(39, 11, '2023-03-04', 'Atque tempora eum minima quaerat perspiciatis quo esse inventore.', '13583286', 1860962.00, 'AP', 1, '2022-12-01 11:52:55', '2022-12-01 11:52:55'),
	(40, 11, '2023-06-04', 'Sequi sunt ipsa ut at corporis vero.', '12591121', 5461456.00, 'AP', 1, '2022-12-01 11:52:55', '2022-12-01 11:52:55'),
	(41, 8, '2023-03-11', 'Corporis debitis rerum fugit et.', '14988516', 8701005.00, 'AP', 1, '2022-12-01 11:52:55', '2022-12-01 11:52:55'),
	(42, 19, '2023-09-05', 'Magnam ut voluptatem adipisci et.', '63892529', 9785817.00, 'AP', 1, '2022-12-01 11:52:55', '2022-12-01 11:52:55'),
	(43, 2, '2023-09-01', 'Distinctio rerum dolorem architecto qui.', '32031799', 2165566.00, 'AP', 1, '2022-12-01 11:52:55', '2022-12-01 11:52:55'),
	(44, 9, '2023-01-29', 'Rerum vero delectus dolor.', '42073154', 7336026.00, 'AP', 1, '2022-12-01 11:52:55', '2022-12-01 11:52:55'),
	(45, 6, '2023-08-03', 'Quia et facilis non vel distinctio.', '31397605', 8439618.00, 'AP', 1, '2022-12-01 11:52:55', '2022-12-01 11:52:55'),
	(46, 16, '2023-09-17', 'Ut possimus consequatur iusto ut consequatur tempora ea.', '57654089', 4067013.00, 'AP', 1, '2022-12-01 11:52:55', '2022-12-01 11:52:55'),
	(47, 2, '2023-03-28', 'Placeat voluptas sed laboriosam est.', '33908908', 2547120.00, 'AP', 1, '2022-12-01 11:52:55', '2022-12-01 11:52:55'),
	(48, 15, '2023-02-16', 'Sit sed odio dolore labore accusamus.', '51661694', 1255179.00, 'AP', 1, '2022-12-01 11:52:55', '2022-12-01 11:52:55'),
	(49, 2, '2023-12-29', 'Ut qui quia dicta et quo qui optio tempora.', '16543645', 1858065.00, 'AP', 1, '2022-12-01 11:52:55', '2022-12-01 11:52:55'),
	(50, 20, '2023-09-29', 'Ratione voluptatem a fugiat omnis cumque vero nisi.', '99681692', 5755349.00, 'AP', 1, '2022-12-01 11:52:55', '2022-12-01 11:52:55'),
	(51, 2, '2023-11-28', 'Numquam reiciendis qui et rerum praesentium temporibus.', '91601346', 5702442.00, 'AP', 1, '2022-12-01 11:52:55', '2022-12-01 11:52:55'),
	(52, 13, '2023-02-12', 'Omnis autem minima numquam ratione voluptatem aut pariatur.', '47564848', 8651197.00, 'AP', 1, '2022-12-01 11:52:55', '2022-12-01 11:52:55'),
	(53, 3, '2023-05-04', 'Voluptas aut molestiae doloribus modi ipsam rerum ratione.', '32765083', 7079127.00, 'AP', 1, '2022-12-01 11:52:55', '2022-12-01 11:52:55'),
	(54, 8, '2023-02-09', 'Quam deleniti quas earum eligendi dolorem.', '13293444', 7719892.00, 'AP', 1, '2022-12-01 11:52:55', '2022-12-01 11:52:55'),
	(55, 18, '2023-02-14', 'Eveniet quos vel et non.', '82769048', 1267223.00, 'AP', 1, '2022-12-01 11:52:55', '2022-12-01 11:52:55'),
	(56, 16, '2023-01-19', 'Consectetur enim ab sed similique earum quis.', '95920375', 4591350.00, 'AP', 1, '2022-12-01 11:52:55', '2022-12-01 11:52:55'),
	(57, 13, '2023-03-19', 'Aut esse doloribus quo iure ullam fugit dolor.', '64311869', 7064886.00, 'AP', 1, '2022-12-01 11:52:55', '2022-12-01 11:52:55'),
	(58, 18, '2023-08-04', 'Dolores labore enim iste minus assumenda.', '60175205', 6772644.00, 'AP', 1, '2022-12-01 11:52:55', '2022-12-01 11:52:55'),
	(59, 14, '2023-04-19', 'Placeat asperiores et vel nemo.', '81624850', 8042844.00, 'AP', 1, '2022-12-01 11:52:55', '2022-12-01 11:52:55'),
	(60, 6, '2023-09-17', 'Eum dignissimos in dolorem.', '00748056', 4686179.00, 'AP', 1, '2022-12-01 11:52:55', '2022-12-01 11:52:55'),
	(61, 3, '2023-06-20', 'Eos ab quia iusto ab ratione earum.', '37313272', 7068756.00, 'AP', 1, '2022-12-01 11:52:55', '2022-12-01 11:52:55'),
	(62, 3, '2023-02-09', 'Iusto aut incidunt expedita qui placeat possimus blanditiis.', '94157239', 3519911.00, 'AP', 1, '2022-12-01 11:52:55', '2022-12-01 11:52:55'),
	(63, 6, '2023-04-06', 'Voluptatem id sint laudantium ea sint.', '25205022', 2515990.00, 'AP', 1, '2022-12-01 11:52:55', '2022-12-01 11:52:55'),
	(64, 10, '2023-03-05', 'Unde hic asperiores esse corrupti.', '56328738', 5938698.00, 'AP', 1, '2022-12-01 11:52:55', '2022-12-01 11:52:55'),
	(65, 6, '2023-05-20', 'Est et eveniet rerum aut corporis.', '57632308', 4208594.00, 'AP', 1, '2022-12-01 11:52:55', '2022-12-01 11:52:55'),
	(66, 18, '2023-07-28', 'Amet voluptate voluptatem voluptatem.', '67069743', 1596741.00, 'AP', 1, '2022-12-01 11:52:55', '2022-12-01 11:52:55'),
	(67, 18, '2023-02-07', 'Laboriosam officiis aut molestias quae et et.', '88576442', 4739603.00, 'AP', 1, '2022-12-01 11:52:55', '2022-12-01 11:52:55'),
	(68, 4, '2023-07-21', 'Aliquid laborum culpa ea.', '71178226', 5148062.00, 'AP', 1, '2022-12-01 11:52:55', '2022-12-01 11:52:55'),
	(69, 2, '2023-06-22', 'Id qui aperiam harum impedit aperiam odio dolorem ducimus.', '02401720', 5139155.00, 'AP', 1, '2022-12-01 11:52:55', '2022-12-01 11:52:55'),
	(70, 3, '2023-11-10', 'Exercitationem laborum labore a quis enim modi.', '67240470', 1303370.00, 'AP', 1, '2022-12-01 11:52:55', '2022-12-01 11:52:55'),
	(71, 12, '2023-06-29', 'Mollitia sed ut voluptatem et et esse.', '53660671', 3057435.00, 'AP', 1, '2022-12-01 11:52:55', '2022-12-01 11:52:55'),
	(72, 12, '2023-04-09', 'Amet error ad qui excepturi.', '00506960', 8628310.00, 'AP', 1, '2022-12-01 11:52:55', '2022-12-01 11:52:55'),
	(73, 1, '2023-07-15', 'Suscipit exercitationem animi temporibus ut illum quibusdam.', '64607603', 4848927.00, 'AP', 1, '2022-12-01 11:52:56', '2022-12-01 11:52:56'),
	(74, 20, '2023-02-23', 'Rerum eaque quidem asperiores dolor hic.', '59035824', 2618535.00, 'AP', 1, '2022-12-01 11:52:56', '2022-12-01 11:52:56'),
	(75, 10, '2023-03-04', 'Quisquam consectetur velit alias.', '82986810', 7855267.00, 'AP', 1, '2022-12-01 11:52:56', '2022-12-01 11:52:56'),
	(76, 11, '2023-08-13', 'Et voluptatibus vel tenetur et accusantium qui.', '68451035', 8039868.00, 'AP', 1, '2022-12-01 11:52:56', '2022-12-01 11:52:56'),
	(77, 16, '2023-10-16', 'Eum odit excepturi est eligendi tempora laborum eius ipsa.', '84137548', 9595906.00, 'AP', 1, '2022-12-01 11:52:56', '2022-12-01 11:52:56'),
	(78, 1, '2023-07-15', 'Tempore eaque magnam nemo eaque exercitationem id.', '72593974', 1410718.00, 'AP', 1, '2022-12-01 11:52:56', '2022-12-01 11:52:56'),
	(79, 4, '2023-07-23', 'Deleniti delectus rem labore consequuntur amet sunt aut omnis.', '85710184', 8988580.00, 'AP', 1, '2022-12-01 11:52:56', '2022-12-01 11:52:56'),
	(80, 6, '2023-07-08', 'Nihil eius dolores deserunt eveniet rerum vel reprehenderit.', '87366785', 3956528.00, 'AP', 1, '2022-12-01 11:52:56', '2022-12-01 11:52:56'),
	(81, 13, '2023-11-01', 'Nam temporibus iusto modi aperiam nemo.', '31634335', 1663190.00, 'AP', 1, '2022-12-01 11:52:56', '2022-12-01 11:52:56'),
	(82, 10, '2023-02-06', 'Qui et qui iste expedita et molestiae blanditiis.', '99204983', 8002400.00, 'AP', 1, '2022-12-01 11:52:56', '2022-12-01 11:52:56'),
	(83, 17, '2023-12-08', 'Nesciunt totam maiores fuga facere explicabo.', '79623582', 4152964.00, 'AP', 1, '2022-12-01 11:52:56', '2022-12-01 11:52:56'),
	(84, 15, '2023-09-19', 'Eveniet eligendi in iusto in soluta ut.', '09206090', 1022988.00, 'AP', 1, '2022-12-01 11:52:56', '2022-12-01 11:52:56'),
	(85, 16, '2023-01-18', 'Quia repellat sed dolor aut harum et et.', '58985625', 6651924.00, 'AP', 1, '2022-12-01 11:52:56', '2022-12-01 11:52:56'),
	(86, 8, '2023-07-20', 'Ullam voluptatum nisi exercitationem sed inventore.', '56450811', 5313575.00, 'AP', 1, '2022-12-01 11:52:56', '2022-12-01 11:52:56'),
	(87, 4, '2023-08-20', 'Voluptas porro placeat et quas ipsa in.', '07363047', 4664899.00, 'AP', 1, '2022-12-01 11:52:56', '2022-12-01 11:52:56'),
	(88, 8, '2023-05-20', 'Soluta cum neque autem mollitia.', '49273137', 7662488.00, 'AP', 1, '2022-12-01 11:52:56', '2022-12-01 11:52:56'),
	(89, 15, '2023-01-26', 'Non nihil minus eligendi.', '16784154', 5549611.00, 'AP', 1, '2022-12-01 11:52:56', '2022-12-01 11:52:56'),
	(90, 9, '2023-11-20', 'Velit repellendus nam exercitationem repellendus vitae ipsam non.', '08510969', 8305938.00, 'AP', 1, '2022-12-01 11:52:56', '2022-12-01 11:52:56'),
	(91, 11, '2023-08-13', 'Est ut in nostrum enim nisi enim.', '16460485', 4573049.00, 'AP', 1, '2022-12-01 11:52:56', '2022-12-01 11:52:56'),
	(92, 19, '2023-12-23', 'Rerum magnam provident ducimus id ducimus.', '46728173', 4335827.00, 'AP', 1, '2022-12-01 11:52:56', '2022-12-01 11:52:56'),
	(93, 17, '2023-04-06', 'Eos fugiat saepe temporibus culpa totam provident.', '31077569', 1721404.00, 'AP', 1, '2022-12-01 11:52:56', '2022-12-01 11:52:56'),
	(94, 1, '2023-04-21', 'Voluptas est facere eveniet enim odit quisquam ipsum.', '58433867', 4700302.00, 'AP', 1, '2022-12-01 11:52:56', '2022-12-01 11:52:56'),
	(95, 14, '2023-01-20', 'Id quo in neque ipsa et dolorum excepturi.', '44155544', 1867692.00, 'AP', 1, '2022-12-01 11:52:56', '2022-12-01 11:52:56'),
	(96, 2, '2023-03-01', 'Veniam a aut totam hic.', '34293775', 8507332.00, 'AP', 1, '2022-12-01 11:52:56', '2022-12-01 11:52:56'),
	(97, 20, '2023-05-06', 'Vel provident quis qui.', '53962713', 7083972.00, 'AP', 1, '2022-12-01 11:52:56', '2022-12-01 11:52:56'),
	(98, 4, '2023-10-01', 'Et sit id corporis quisquam ex.', '07344879', 9673165.00, 'AP', 1, '2022-12-01 11:52:56', '2022-12-01 11:52:56'),
	(99, 2, '2023-04-22', 'Qui nisi minus enim distinctio est quas ut ab.', '92051713', 7599000.00, 'AP', 1, '2022-12-01 11:52:56', '2022-12-01 11:52:56'),
	(100, 17, '2023-06-20', 'Beatae voluptatem non cumque quos dolore expedita aliquam.', '84298904', 8025726.00, 'AP', 1, '2022-12-01 11:52:56', '2022-12-01 11:52:56'),
	(101, 7, '2023-07-03', 'Non dignissimos ut doloribus a.', '09702387', 5762680.00, 'AP', 1, '2022-12-01 11:52:56', '2022-12-01 11:52:56'),
	(102, 2, '2023-11-05', 'Modi blanditiis distinctio et.', '55933919', 7651828.00, 'AP', 1, '2022-12-01 11:52:56', '2022-12-01 11:52:56'),
	(103, 19, '2023-11-10', 'Asperiores eius accusamus quisquam provident.', '61928534', 5476728.00, 'AP', 1, '2022-12-01 11:52:56', '2022-12-01 11:52:56'),
	(104, 7, '2023-02-01', 'Architecto quas quis odio.', '65731178', 5357517.00, 'AP', 1, '2022-12-01 11:52:56', '2022-12-01 11:52:56'),
	(105, 4, '2023-11-17', 'Qui quidem non totam voluptatem laborum molestias necessitatibus.', '39887382', 2600409.00, 'AP', 1, '2022-12-01 11:52:56', '2022-12-01 11:52:56'),
	(106, 6, '2023-12-20', 'Impedit quidem suscipit aut et quia.', '17712125', 3615311.00, 'AP', 1, '2022-12-01 11:52:56', '2022-12-01 11:52:56'),
	(107, 20, '2023-03-23', 'Sequi ab nesciunt delectus totam nostrum exercitationem eius.', '01386516', 2509585.00, 'AP', 1, '2022-12-01 11:52:56', '2022-12-01 11:52:56'),
	(108, 1, '2023-12-14', 'Dolor illo enim minus rerum.', '07543623', 5736475.00, 'AP', 1, '2022-12-01 11:52:56', '2022-12-01 11:52:56'),
	(109, 15, '2023-09-06', 'Voluptas temporibus magnam tempora eveniet maxime.', '53041487', 4033234.00, 'AP', 1, '2022-12-01 11:52:56', '2022-12-01 11:52:56'),
	(110, 11, '2023-01-26', 'Fuga occaecati minima beatae explicabo consectetur.', '22150387', 2067482.00, 'AP', 1, '2022-12-01 11:52:56', '2022-12-01 11:52:56'),
	(111, 17, '2023-07-12', 'Dolorum beatae ut est delectus perferendis dignissimos mollitia.', '86171373', 9163990.00, 'AP', 1, '2022-12-01 11:52:56', '2022-12-01 11:52:56'),
	(112, 4, '2023-07-23', 'Ratione unde sunt quo rerum dolorum nesciunt.', '98773275', 7102418.00, 'AP', 1, '2022-12-01 11:52:56', '2022-12-01 11:52:56'),
	(113, 6, '2023-07-08', 'Temporibus eos eveniet quo ex.', '35708025', 6925797.00, 'AP', 1, '2022-12-01 11:52:56', '2022-12-01 11:52:56'),
	(114, 4, '2023-01-12', 'Iste consequatur unde nulla exercitationem eius.', '61649163', 7487282.00, 'AP', 1, '2022-12-01 11:52:56', '2022-12-01 11:52:56'),
	(115, 15, '2023-07-04', 'Odio et reprehenderit debitis repellat officiis sed.', '30930964', 4390364.00, 'AP', 1, '2022-12-01 11:52:56', '2022-12-01 11:52:56'),
	(116, 12, '2023-06-12', 'Enim illum accusantium error eos voluptatem.', '29070268', 4567237.00, 'AP', 1, '2022-12-01 11:52:57', '2022-12-01 11:52:57'),
	(117, 14, '2023-02-10', 'Quaerat error sit totam.', '31857475', 9281196.00, 'AP', 1, '2022-12-01 11:52:57', '2022-12-01 11:52:57'),
	(118, 10, '2023-02-02', 'Nam ducimus hic vitae vitae dolores ut.', '56011883', 1983143.00, 'AP', 1, '2022-12-01 11:52:57', '2022-12-01 11:52:57'),
	(119, 19, '2023-03-11', 'Sit cum perspiciatis similique similique.', '66217275', 8496335.00, 'AP', 1, '2022-12-01 11:52:57', '2022-12-01 11:52:57'),
	(120, 19, '2023-04-23', 'Odit necessitatibus sint sint et.', '53005014', 5186075.00, 'AP', 1, '2022-12-01 11:52:57', '2022-12-01 11:52:57'),
	(121, 4, '2023-09-25', 'Eos reprehenderit voluptatem quaerat.', '66772774', 8455278.00, 'AP', 1, '2022-12-01 11:52:57', '2022-12-01 11:52:57'),
	(122, 7, '2023-08-18', 'Nemo accusantium asperiores suscipit qui.', '43708451', 1097182.00, 'AP', 1, '2022-12-01 11:52:57', '2022-12-01 11:52:57'),
	(123, 11, '2023-04-05', 'Non optio corrupti voluptas doloremque dolores ea minima nihil.', '42028857', 6374518.00, 'AP', 1, '2022-12-01 11:52:57', '2022-12-01 11:52:57'),
	(124, 3, '2023-11-02', 'Illum id omnis ipsa expedita.', '36558834', 9156999.00, 'AP', 1, '2022-12-01 11:52:57', '2022-12-01 11:52:57'),
	(125, 6, '2023-03-12', 'Est et qui tempora aut mollitia minus saepe.', '71486109', 8560640.00, 'AP', 1, '2022-12-01 11:52:57', '2022-12-01 11:52:57'),
	(126, 8, '2023-12-27', 'Id molestias adipisci illo non accusamus.', '10553671', 2633252.00, 'AP', 1, '2022-12-01 11:52:57', '2022-12-01 11:52:57'),
	(127, 9, '2023-02-03', 'Deserunt sit quibusdam et.', '06507893', 3070421.00, 'AP', 1, '2022-12-01 11:52:57', '2022-12-01 11:52:57'),
	(128, 3, '2023-11-25', 'Dignissimos consequuntur nulla nobis deleniti quaerat.', '45560606', 7433671.00, 'AP', 1, '2022-12-01 11:52:57', '2022-12-01 11:52:57'),
	(129, 3, '2023-01-20', 'Numquam non in beatae cupiditate est aut.', '70965452', 9686408.00, 'AP', 1, '2022-12-01 11:52:57', '2022-12-01 11:52:57'),
	(130, 7, '2023-08-14', 'Omnis ea impedit modi earum eos.', '56634891', 1593793.00, 'AP', 1, '2022-12-01 11:52:57', '2022-12-01 11:52:57'),
	(131, 1, '2023-12-26', 'Eos sint error ullam sed.', '71872124', 7661017.00, 'AP', 1, '2022-12-01 11:52:57', '2022-12-01 11:52:57'),
	(132, 14, '2023-07-01', 'Itaque sunt placeat ducimus voluptates.', '62200721', 6270580.00, 'AP', 1, '2022-12-01 11:52:57', '2022-12-01 11:52:57'),
	(133, 18, '2023-11-18', 'Quia et est sit voluptatem occaecati.', '67110650', 3539917.00, 'AP', 1, '2022-12-01 11:52:57', '2022-12-01 11:52:57'),
	(134, 4, '2023-02-05', 'Consequatur laborum ex corrupti sint.', '40751979', 6687823.00, 'AP', 1, '2022-12-01 11:52:57', '2022-12-01 11:52:57'),
	(135, 3, '2023-06-08', 'Neque in tempore dolor facere.', '71401829', 6490791.00, 'AP', 1, '2022-12-01 11:52:57', '2022-12-01 11:52:57'),
	(136, 8, '2023-11-22', 'Omnis ipsa natus qui maiores vitae non quasi.', '51243326', 6481707.00, 'AP', 1, '2022-12-01 11:52:57', '2022-12-01 11:52:57'),
	(137, 18, '2023-01-28', 'Maxime autem aut minima fugit praesentium nisi dolores.', '98396467', 8719419.00, 'AP', 1, '2022-12-01 11:52:57', '2022-12-01 11:52:57'),
	(138, 4, '2023-04-12', 'Molestiae eius nostrum quia sint qui error ipsam.', '96290385', 1824921.00, 'AP', 1, '2022-12-01 11:52:57', '2022-12-01 11:52:57'),
	(139, 17, '2023-09-25', 'Dignissimos maiores porro aut aliquid necessitatibus culpa voluptate.', '12066124', 2909923.00, 'AP', 1, '2022-12-01 11:52:57', '2022-12-01 11:52:57'),
	(140, 15, '2023-02-26', 'Cum minima tempora provident accusantium sit provident.', '01562101', 7931153.00, 'AP', 1, '2022-12-01 11:52:57', '2022-12-01 11:52:57'),
	(141, 1, '2023-04-09', 'Odit quidem ex expedita commodi.', '23534766', 2486259.00, 'AP', 1, '2022-12-01 11:52:57', '2022-12-01 11:52:57'),
	(142, 1, '2023-11-10', 'Doloremque aspernatur itaque aliquid quae in voluptas.', '00743389', 5324794.00, 'AP', 1, '2022-12-01 11:52:57', '2022-12-01 11:52:57'),
	(143, 8, '2023-05-28', 'Eum repellat minima in sequi inventore.', '54173231', 3904462.00, 'AP', 1, '2022-12-01 11:52:57', '2022-12-01 11:52:57'),
	(144, 15, '2023-08-13', 'Est quas officia nihil excepturi.', '53901910', 7316657.00, 'AP', 1, '2022-12-01 11:52:57', '2022-12-01 11:52:57'),
	(145, 13, '2023-06-24', 'Veniam velit perspiciatis hic dolores.', '61959743', 2555366.00, 'AP', 1, '2022-12-01 11:52:57', '2022-12-01 11:52:57'),
	(146, 8, '2023-01-06', 'Non earum blanditiis reprehenderit iste.', '65601426', 8599716.00, 'AP', 1, '2022-12-01 11:52:57', '2022-12-01 11:52:57'),
	(147, 4, '2023-10-17', 'Doloribus eveniet porro et doloremque ex qui.', '49620443', 4483880.00, 'AP', 1, '2022-12-01 11:52:57', '2022-12-01 11:52:57'),
	(148, 5, '2023-09-15', 'Soluta aut maxime quaerat laboriosam est impedit.', '74555734', 9581862.00, 'AP', 1, '2022-12-01 11:52:57', '2022-12-01 11:52:57'),
	(149, 11, '2023-05-09', 'Inventore exercitationem nobis rem et totam voluptatem eius quia.', '91764973', 9008487.00, 'AP', 1, '2022-12-01 11:52:57', '2022-12-01 11:52:57'),
	(150, 2, '2023-11-12', 'Ullam quasi inventore ea cumque repellendus praesentium.', '97896968', 4371159.00, 'AP', 1, '2022-12-01 11:52:57', '2022-12-01 11:52:57'),
	(151, 2, '2023-09-04', 'Ut dolorem beatae blanditiis quasi aut ut fugit hic.', '98773589', 3645260.00, 'AP', 1, '2022-12-01 11:52:57', '2022-12-01 11:52:57'),
	(152, 1, '2023-07-13', 'Omnis ipsam adipisci sint aut molestias.', '76103483', 3411921.00, 'AP', 1, '2022-12-01 11:52:57', '2022-12-01 11:52:57'),
	(153, 15, '2023-01-30', 'Quaerat excepturi praesentium laudantium numquam deserunt ea sed.', '47534872', 7777061.00, 'AP', 1, '2022-12-01 11:52:57', '2022-12-01 11:52:57'),
	(154, 1, '2023-10-26', 'Eligendi et sit eos illo.', '59040484', 3940046.00, 'AP', 1, '2022-12-01 11:52:57', '2022-12-01 11:52:57'),
	(155, 15, '2023-04-04', 'Libero quod ab fugit eius quasi quos error omnis.', '28135395', 8056690.00, 'AP', 1, '2022-12-01 11:52:57', '2022-12-01 11:52:57'),
	(156, 15, '2023-04-01', 'Reiciendis est hic ullam et.', '88034164', 4641726.00, 'AP', 1, '2022-12-01 11:52:57', '2022-12-01 11:52:57'),
	(157, 3, '2023-11-22', 'Doloribus aut minima rerum facilis reiciendis nesciunt sit.', '71164632', 9069186.00, 'AP', 1, '2022-12-01 11:52:57', '2022-12-01 11:52:57'),
	(158, 12, '2023-12-06', 'Voluptatem autem et consequatur quam recusandae quis id.', '20208004', 6090234.00, 'AP', 1, '2022-12-01 11:52:57', '2022-12-01 11:52:57'),
	(159, 9, '2023-01-06', 'Saepe quam accusamus rerum consequuntur.', '04453642', 4059925.00, 'AP', 1, '2022-12-01 11:52:57', '2022-12-01 11:52:57'),
	(160, 20, '2023-10-26', 'Fugit minus ut et et culpa.', '24530057', 4485568.00, 'AP', 1, '2022-12-01 11:52:57', '2022-12-01 11:52:57'),
	(161, 11, '2023-07-19', 'Culpa voluptatem sint dolores debitis et eveniet modi quia.', '42369561', 8858892.00, 'AP', 1, '2022-12-01 11:52:57', '2022-12-01 11:52:57'),
	(162, 1, '2023-10-19', 'Officia placeat et ipsum modi optio voluptatem modi.', '69545108', 8406930.00, 'AP', 1, '2022-12-01 11:52:57', '2022-12-01 11:52:57'),
	(163, 13, '2023-07-11', 'Sint unde eum aliquam maiores quisquam ut accusantium earum.', '33630793', 4595617.00, 'AP', 1, '2022-12-01 11:52:57', '2022-12-01 11:52:57'),
	(164, 7, '2023-06-21', 'Ipsa ipsa asperiores consectetur debitis doloremque.', '10155783', 1766166.00, 'AP', 1, '2022-12-01 11:52:57', '2022-12-01 11:52:57'),
	(165, 18, '2023-09-22', 'Alias commodi pariatur maiores sunt.', '89116074', 5565162.00, 'AP', 1, '2022-12-01 11:52:57', '2022-12-01 11:52:57'),
	(166, 6, '2023-02-03', 'At dolor ut ea optio doloribus inventore molestiae.', '99669751', 8652579.00, 'AP', 1, '2022-12-01 11:52:57', '2022-12-01 11:52:57'),
	(167, 17, '2023-04-21', 'At vel rerum tenetur.', '96997703', 2554066.00, 'AP', 1, '2022-12-01 11:52:58', '2022-12-01 11:52:58'),
	(168, 5, '2023-03-20', 'Necessitatibus enim sit eos possimus quod cumque neque architecto.', '36135356', 5469659.00, 'AP', 1, '2022-12-01 11:52:58', '2022-12-01 11:52:58'),
	(169, 17, '2023-12-28', 'Laboriosam doloribus non iusto qui molestiae dolore.', '16313231', 3043156.00, 'AP', 1, '2022-12-01 11:52:58', '2022-12-01 11:52:58'),
	(170, 6, '2023-01-28', 'Sapiente deleniti molestiae et pariatur quo qui nobis.', '33723822', 9051538.00, 'AP', 1, '2022-12-01 11:52:58', '2022-12-01 11:52:58'),
	(171, 15, '2023-03-29', 'Aut nam deserunt quia.', '72704172', 9053508.00, 'AP', 1, '2022-12-01 11:52:58', '2022-12-01 11:52:58'),
	(172, 17, '2023-04-04', 'Debitis excepturi autem unde.', '57313139', 4903192.00, 'AP', 1, '2022-12-01 11:52:58', '2022-12-01 11:52:58'),
	(173, 12, '2023-01-20', 'Sed vel tenetur vel illo est.', '78105577', 2568457.00, 'AP', 1, '2022-12-01 11:52:58', '2022-12-01 11:52:58'),
	(174, 6, '2023-07-14', 'Similique praesentium iste soluta non.', '87996968', 1672810.00, 'AP', 1, '2022-12-01 11:52:58', '2022-12-01 11:52:58'),
	(175, 13, '2023-05-26', 'Magnam et dolor ullam omnis suscipit aut tempora.', '43116089', 5871248.00, 'AP', 1, '2022-12-01 11:52:58', '2022-12-01 11:52:58'),
	(176, 13, '2023-12-01', 'Quis voluptate dolorem doloribus et id et.', '61758391', 4218290.00, 'AP', 1, '2022-12-01 11:52:58', '2022-12-01 11:52:58'),
	(177, 13, '2023-03-17', 'Similique et officia cum maiores.', '36466832', 8929574.00, 'AP', 1, '2022-12-01 11:52:58', '2022-12-01 11:52:58'),
	(178, 5, '2023-07-12', 'Tempora eos alias qui exercitationem iste quam alias autem.', '76290992', 5395029.00, 'AP', 1, '2022-12-01 11:52:58', '2022-12-01 11:52:58'),
	(179, 6, '2023-03-24', 'Et sint et ratione laboriosam neque hic deleniti.', '73696797', 7737547.00, 'AP', 1, '2022-12-01 11:52:58', '2022-12-01 11:52:58'),
	(180, 8, '2023-02-17', 'Est et quo totam non qui.', '61134836', 3495665.00, 'AP', 1, '2022-12-01 11:52:58', '2022-12-01 11:52:58'),
	(181, 8, '2023-02-23', 'Sed quo et sint aspernatur sunt.', '39062727', 1902788.00, 'AP', 1, '2022-12-01 11:52:58', '2022-12-01 11:52:58'),
	(182, 13, '2023-08-30', 'Ullam iste quasi unde qui ducimus voluptas.', '15031402', 6429426.00, 'AP', 1, '2022-12-01 11:52:58', '2022-12-01 11:52:58'),
	(183, 14, '2023-02-03', 'Consequatur officia nemo magni.', '19542782', 5045971.00, 'AP', 1, '2022-12-01 11:52:58', '2022-12-01 11:52:58'),
	(184, 8, '2023-04-04', 'Et nemo id in vel ipsam pariatur necessitatibus.', '64464398', 2413884.00, 'AP', 1, '2022-12-01 11:52:58', '2022-12-01 11:52:58'),
	(185, 15, '2023-02-13', 'Quae sint rerum et minima hic.', '08257536', 3102259.00, 'AP', 1, '2022-12-01 11:52:58', '2022-12-01 11:52:58'),
	(186, 14, '2023-09-29', 'Ut quas modi vel qui.', '22377227', 3669863.00, 'AP', 1, '2022-12-01 11:52:58', '2022-12-01 11:52:58'),
	(187, 20, '2023-09-29', 'Qui placeat ipsam quibusdam et maxime quidem.', '01722055', 9897896.00, 'AP', 1, '2022-12-01 11:52:58', '2022-12-01 11:52:58'),
	(188, 8, '2023-03-13', 'Ab iusto asperiores sed ea rerum.', '18223224', 4951407.00, 'AP', 1, '2022-12-01 11:52:58', '2022-12-01 11:52:58'),
	(189, 12, '2023-06-27', 'Doloremque et dolorem perspiciatis blanditiis perspiciatis neque et.', '92818378', 3758979.00, 'AP', 1, '2022-12-01 11:52:58', '2022-12-01 11:52:58'),
	(190, 19, '2023-07-04', 'Explicabo dolorum magni consequuntur laudantium non laudantium dolorum.', '16391291', 9630046.00, 'AP', 1, '2022-12-01 11:52:58', '2022-12-01 11:52:58'),
	(191, 20, '2023-01-13', 'Eveniet dolor ipsum rerum ullam hic perferendis.', '70395242', 8226342.00, 'AP', 1, '2022-12-01 11:52:58', '2022-12-01 11:52:58'),
	(192, 14, '2023-07-30', 'Ut eaque eos saepe assumenda consequuntur harum quo.', '19035659', 7682822.00, 'AP', 1, '2022-12-01 11:52:58', '2022-12-01 11:52:58'),
	(193, 10, '2023-11-19', 'Sunt ut ut occaecati ut perferendis nam est.', '63379280', 2463513.00, 'AP', 1, '2022-12-01 11:52:58', '2022-12-01 11:52:58'),
	(194, 9, '2023-11-28', 'Nam numquam fuga est unde non numquam.', '69461705', 8270456.00, 'AP', 1, '2022-12-01 11:52:58', '2022-12-01 11:52:58'),
	(195, 7, '2023-07-22', 'Error ullam commodi alias.', '01799309', 2241544.00, 'AP', 1, '2022-12-01 11:52:58', '2022-12-01 11:52:58'),
	(196, 5, '2023-08-13', 'Sunt veniam sed illum numquam ut.', '90910388', 4980596.00, 'AP', 1, '2022-12-01 11:52:58', '2022-12-01 11:52:58'),
	(197, 19, '2023-08-02', 'Voluptatem doloribus saepe quis placeat tenetur.', '06948214', 9603939.00, 'AP', 1, '2022-12-01 11:52:58', '2022-12-01 11:52:58'),
	(198, 5, '2023-07-05', 'Beatae nesciunt voluptas et id.', '53886675', 5345132.00, 'AP', 1, '2022-12-01 11:52:58', '2022-12-01 11:52:58'),
	(199, 13, '2023-11-16', 'Autem fugiat ut dolores qui dolor.', '60466617', 7742872.00, 'AP', 1, '2022-12-01 11:52:58', '2022-12-01 11:52:58'),
	(200, 4, '2023-09-18', 'Excepturi illo odio eos officiis sapiente.', '24579209', 1529790.00, 'AP', 1, '2022-12-01 11:52:58', '2022-12-01 11:52:58');
/*!40000 ALTER TABLE `expenses` ENABLE KEYS */;

-- Dumping structure for table pimku.failed_jobs
CREATE TABLE IF NOT EXISTS `failed_jobs` (
  `id` bigint(20) unsigned NOT NULL AUTO_INCREMENT,
  `uuid` varchar(255) COLLATE utf8mb4_unicode_ci NOT NULL,
  `connection` text COLLATE utf8mb4_unicode_ci NOT NULL,
  `queue` text COLLATE utf8mb4_unicode_ci NOT NULL,
  `payload` longtext COLLATE utf8mb4_unicode_ci NOT NULL,
  `exception` longtext COLLATE utf8mb4_unicode_ci NOT NULL,
  `failed_at` timestamp NOT NULL DEFAULT CURRENT_TIMESTAMP,
  PRIMARY KEY (`id`),
  UNIQUE KEY `failed_jobs_uuid_unique` (`uuid`)
) ENGINE=InnoDB DEFAULT CHARSET=utf8mb4 COLLATE=utf8mb4_unicode_ci;

-- Dumping data for table pimku.failed_jobs: ~0 rows (approximately)
/*!40000 ALTER TABLE `failed_jobs` DISABLE KEYS */;
/*!40000 ALTER TABLE `failed_jobs` ENABLE KEYS */;

-- Dumping structure for table pimku.incomes
CREATE TABLE IF NOT EXISTS `incomes` (
  `id` int(11) NOT NULL AUTO_INCREMENT,
  `project_id` int(11) DEFAULT NULL,
  `invoice_number` varchar(255) COLLATE latin1_general_ci DEFAULT NULL,
  `date` date DEFAULT NULL,
  `amount` decimal(20,2) DEFAULT NULL,
  `paid` decimal(20,2) DEFAULT NULL,
  `remarks` varchar(255) COLLATE latin1_general_ci DEFAULT NULL,
  `create_by` int(11) DEFAULT NULL,
  `created_at` timestamp NULL DEFAULT NULL,
  `updated_at` timestamp NULL DEFAULT NULL,
  PRIMARY KEY (`id`) USING BTREE
) ENGINE=InnoDB AUTO_INCREMENT=207 DEFAULT CHARSET=latin1 COLLATE=latin1_general_ci;

-- Dumping data for table pimku.incomes: ~174 rows (approximately)
/*!40000 ALTER TABLE `incomes` DISABLE KEYS */;
REPLACE INTO `incomes` (`id`, `project_id`, `invoice_number`, `date`, `amount`, `paid`, `remarks`, `create_by`, `created_at`, `updated_at`) VALUES
	(7, 15, 'INV-81708840', '2023-02-26', 4983931.00, 6930319.00, 'AP', 1, '2022-12-01 11:35:29', '2022-12-01 11:35:29'),
	(9, 4, 'INV-60141217', '2023-10-17', 2615598.00, 1086684.00, 'AP', 1, '2022-12-01 11:35:29', '2022-12-01 11:35:29'),
	(11, 15, 'INV-44004583', '2023-06-05', 1103869.00, 4787003.00, 'AP', 1, '2022-12-01 11:35:29', '2022-12-01 11:35:29'),
	(12, 13, 'INV-00646956', '2023-04-20', 3084796.00, 4445584.00, 'AP', 1, '2022-12-01 11:35:29', '2022-12-01 11:35:29'),
	(13, 16, 'INV-44038991', '2023-04-13', 4765687.00, 3053933.00, 'AP', 1, '2022-12-01 11:35:29', '2022-12-01 11:35:29'),
	(14, 3, 'INV-37964078', '2023-04-13', 4433416.00, 6834143.00, 'AP', 1, '2022-12-01 11:35:29', '2022-12-01 11:35:29'),
	(16, 6, 'INV-78287280', '2023-07-26', 9307291.00, 6241318.00, 'AP', 1, '2022-12-01 11:35:29', '2022-12-01 11:35:29'),
	(17, 18, 'INV-55859073', '2023-08-01', 7259980.00, 6481982.00, 'AP', 1, '2022-12-01 11:35:55', '2022-12-01 11:35:55'),
	(18, 7, 'INV-42259015', '2023-03-14', 9685783.00, 8574017.00, 'AP', 1, '2022-12-01 11:35:55', '2022-12-01 11:35:55'),
	(19, 20, 'INV-58319185', '2023-05-15', 5339002.00, 4860917.00, 'AP', 1, '2022-12-01 11:35:55', '2022-12-01 11:35:55'),
	(20, 16, 'INV-39510020', '2023-08-01', 4965449.00, 8385551.00, 'AP', 1, '2022-12-01 11:35:55', '2022-12-01 11:35:55'),
	(21, 17, 'INV-16609631', '2023-07-30', 9645918.00, 8120228.00, 'AP', 1, '2022-12-01 11:35:55', '2022-12-01 11:35:55'),
	(22, 5, 'INV-23865167', '2023-11-17', 1301257.00, 2683184.00, 'AP', 1, '2022-12-01 11:35:55', '2022-12-01 11:35:55'),
	(23, 10, 'INV-36802821', '2023-08-19', 6250941.00, 8810838.00, 'AP', 1, '2022-12-01 11:35:55', '2022-12-01 11:35:55'),
	(24, 1, 'INV-32728781', '2023-05-09', 8659596.00, 9651368.00, 'AP', 1, '2022-12-01 11:35:55', '2022-12-01 11:35:55'),
	(25, 5, 'INV-35493778', '2023-05-21', 8769978.00, 6199908.00, 'AP', 1, '2022-12-01 11:35:55', '2022-12-01 11:35:55'),
	(26, 13, 'INV-44908607', '2023-07-26', 2542480.00, 4718239.00, 'AP', 1, '2022-12-01 11:35:55', '2022-12-01 11:35:55'),
	(28, 18, 'INV-02705491', '2023-10-29', 8175299.00, 2202340.00, 'AP', 1, '2022-12-01 11:35:55', '2022-12-01 11:35:55'),
	(31, 18, 'INV-58263754', '2023-11-08', 9340638.00, 8221702.00, 'AP', 1, '2022-12-01 11:35:56', '2022-12-01 11:35:56'),
	(32, 18, 'INV-16427280', '2023-02-18', 2471697.00, 5956089.00, 'AP', 1, '2022-12-01 11:35:56', '2022-12-01 11:35:56'),
	(33, 2, 'INV-02132334', '2023-11-01', 1764522.00, 9528865.00, 'AP', 1, '2022-12-01 11:35:56', '2022-12-01 11:35:56'),
	(34, 3, 'INV-33038438', '2023-10-26', 2867520.00, 2564514.00, 'AP', 1, '2022-12-01 11:35:56', '2022-12-01 11:35:56'),
	(35, 3, 'INV-24692632', '2023-08-29', 9992017.00, 3105323.00, 'AP', 1, '2022-12-01 11:35:56', '2022-12-01 11:35:56'),
	(36, 7, 'INV-54644366', '2023-02-28', 5422012.00, 7911242.00, 'AP', 1, '2022-12-01 11:35:56', '2022-12-01 11:35:56'),
	(37, 7, 'INV-18388930', '2023-12-28', 2912730.00, 6239770.00, 'AP', 1, '2022-12-01 11:35:56', '2022-12-01 11:35:56'),
	(39, 18, 'INV-22599261', '2023-05-11', 7252909.00, 3614185.00, 'AP', 1, '2022-12-01 11:35:56', '2022-12-01 11:35:56'),
	(40, 14, 'INV-03871898', '2023-05-18', 1882719.00, 7160346.00, 'AP', 1, '2022-12-01 11:35:56', '2022-12-01 11:35:56'),
	(41, 14, 'INV-34205341', '2023-04-28', 2921319.00, 2873595.00, 'AP', 1, '2022-12-01 11:35:56', '2022-12-01 11:35:56'),
	(42, 4, 'INV-24312905', '2023-05-27', 2474753.00, 8413334.00, 'AP', 1, '2022-12-01 11:35:56', '2022-12-01 11:35:56'),
	(43, 6, 'INV-38781476', '2023-05-11', 5260440.00, 2866559.00, 'AP', 1, '2022-12-01 11:35:56', '2022-12-01 11:35:56'),
	(44, 4, 'INV-66756835', '2023-09-24', 3120325.00, 9894861.00, 'AP', 1, '2022-12-01 11:35:56', '2022-12-01 11:35:56'),
	(45, 4, 'INV-28170624', '2023-05-03', 7702686.00, 4274333.00, 'AP', 1, '2022-12-01 11:35:56', '2022-12-01 11:35:56'),
	(46, 10, 'INV-32774627', '2023-04-10', 3473869.00, 5217557.00, 'AP', 1, '2022-12-01 11:35:56', '2022-12-01 11:35:56'),
	(47, 6, 'INV-20432928', '2023-01-13', 8081501.00, 5336415.00, 'AP', 1, '2022-12-01 11:35:56', '2022-12-01 11:35:56'),
	(48, 17, 'INV-09037106', '2023-08-20', 8528520.00, 8897942.00, 'AP', 1, '2022-12-01 11:35:56', '2022-12-01 11:35:56'),
	(49, 7, 'INV-29017966', '2023-12-13', 8652398.00, 1250274.00, 'AP', 1, '2022-12-01 11:35:56', '2022-12-01 11:35:56'),
	(50, 1, 'INV-94489996', '2023-06-28', 2826881.00, 9628522.00, 'AP', 1, '2022-12-01 11:35:56', '2022-12-01 11:35:56'),
	(51, 17, 'INV-60996473', '2023-12-16', 9229580.00, 6405564.00, 'AP', 1, '2022-12-01 11:35:56', '2022-12-01 11:35:56'),
	(52, 1, 'INV-64865096', '2023-10-04', 1885529.00, 4403242.00, 'AP', 1, '2022-12-01 11:35:56', '2022-12-01 11:35:56'),
	(53, 14, 'INV-85758605', '2023-11-10', 7239572.00, 6863548.00, 'AP', 1, '2022-12-01 11:35:56', '2022-12-01 11:35:56'),
	(55, 19, 'INV-59897576', '2023-09-01', 5646067.00, 7241704.00, 'AP', 1, '2022-12-01 11:35:56', '2022-12-01 11:35:56'),
	(56, 7, 'INV-71163369', '2023-08-22', 7008309.00, 5819133.00, 'AP', 1, '2022-12-01 11:35:56', '2022-12-01 11:35:56'),
	(57, 5, 'INV-85711228', '2023-01-25', 4334215.00, 8534815.00, 'AP', 1, '2022-12-01 11:35:56', '2022-12-01 11:35:56'),
	(58, 1, 'INV-75693060', '2023-12-21', 8145956.00, 6661498.00, 'AP', 1, '2022-12-01 11:35:56', '2022-12-01 11:35:56'),
	(59, 17, 'INV-69184291', '2023-03-06', 9175974.00, 1588230.00, 'AP', 1, '2022-12-01 11:35:56', '2022-12-01 11:35:56'),
	(60, 10, 'INV-28506089', '2023-10-18', 1185221.00, 9638888.00, 'AP', 1, '2022-12-01 11:35:56', '2022-12-01 11:35:56'),
	(61, 5, 'INV-82978525', '2023-11-12', 7669252.00, 4446392.00, 'AP', 1, '2022-12-01 11:35:56', '2022-12-01 11:35:56'),
	(62, 9, 'INV-33320281', '2023-11-30', 7374760.00, 1877799.00, 'AP', 1, '2022-12-01 11:35:56', '2022-12-01 11:35:56'),
	(63, 10, 'INV-61532809', '2023-09-03', 9020327.00, 2223061.00, 'AP', 1, '2022-12-01 11:35:56', '2022-12-01 11:35:56'),
	(64, 1, 'INV-06595937', '2023-04-30', 5026354.00, 4167690.00, 'AP', 1, '2022-12-01 11:35:56', '2022-12-01 11:35:56'),
	(66, 4, 'INV-33322797', '2023-06-09', 4094963.00, 8632033.00, 'AP', 1, '2022-12-01 11:35:56', '2022-12-01 11:35:56'),
	(67, 9, 'INV-66097020', '2023-02-07', 1112944.00, 1646672.00, 'AP', 1, '2022-12-01 11:35:56', '2022-12-01 11:35:56'),
	(68, 8, 'INV-00028653', '2023-06-24', 9944868.00, 3648724.00, 'AP', 1, '2022-12-01 11:35:56', '2022-12-01 11:35:56'),
	(69, 3, 'INV-26645063', '2023-04-25', 9985694.00, 9839019.00, 'AP', 1, '2022-12-01 11:35:56', '2022-12-01 11:35:56'),
	(70, 18, 'INV-46067371', '2023-12-20', 8066607.00, 7530907.00, 'AP', 1, '2022-12-01 11:35:56', '2022-12-01 11:35:56'),
	(71, 15, 'INV-77557018', '2023-09-20', 1952949.00, 7362011.00, 'AP', 1, '2022-12-01 11:35:56', '2022-12-01 11:35:56'),
	(72, 6, 'INV-30862708', '2023-07-03', 7419178.00, 1085506.00, 'AP', 1, '2022-12-01 11:35:56', '2022-12-01 11:35:56'),
	(74, 15, 'INV-83116872', '2023-08-29', 1412764.00, 2184846.00, 'AP', 1, '2022-12-01 11:35:56', '2022-12-01 11:35:56'),
	(75, 3, 'INV-93938167', '2023-02-17', 3098431.00, 9694441.00, 'AP', 1, '2022-12-01 11:35:56', '2022-12-01 11:35:56'),
	(77, 9, 'INV-91680549', '2023-06-28', 4544524.00, 6296906.00, 'AP', 1, '2022-12-01 11:35:57', '2022-12-01 11:35:57'),
	(78, 16, 'INV-80354161', '2023-10-28', 9905150.00, 6750597.00, 'AP', 1, '2022-12-01 11:35:57', '2022-12-01 11:35:57'),
	(79, 3, 'INV-38215803', '2023-06-11', 7757792.00, 9414870.00, 'AP', 1, '2022-12-01 11:35:57', '2022-12-01 11:35:57'),
	(80, 16, 'INV-72305034', '2023-10-13', 2795897.00, 4819416.00, 'AP', 1, '2022-12-01 11:35:57', '2022-12-01 11:35:57'),
	(81, 9, 'INV-90970474', '2023-01-12', 9542581.00, 6457160.00, 'AP', 1, '2022-12-01 11:35:57', '2022-12-01 11:35:57'),
	(82, 2, 'INV-51350444', '2023-12-09', 3827397.00, 2536911.00, 'AP', 1, '2022-12-01 11:35:57', '2022-12-01 11:35:57'),
	(83, 18, 'INV-51830663', '2023-01-31', 8784064.00, 4391401.00, 'AP', 1, '2022-12-01 11:35:57', '2022-12-01 11:35:57'),
	(84, 3, 'INV-79159425', '2023-12-14', 4172691.00, 5886643.00, 'AP', 1, '2022-12-01 11:35:57', '2022-12-01 11:35:57'),
	(85, 3, 'INV-72570593', '2023-04-15', 3752485.00, 5923659.00, 'AP', 1, '2022-12-01 11:35:57', '2022-12-01 11:35:57'),
	(86, 12, 'INV-69895708', '2023-01-14', 4348291.00, 2700731.00, 'AP', 1, '2022-12-01 11:35:57', '2022-12-01 11:35:57'),
	(87, 19, 'INV-03261033', '2023-01-15', 7502921.00, 6861230.00, 'AP', 1, '2022-12-01 11:35:57', '2022-12-01 11:35:57'),
	(88, 19, 'INV-28008590', '2023-03-23', 1088473.00, 8008958.00, 'AP', 1, '2022-12-01 11:35:57', '2022-12-01 11:35:57'),
	(89, 18, 'INV-80911043', '2023-02-14', 3629537.00, 1886674.00, 'AP', 1, '2022-12-01 11:35:57', '2022-12-01 11:35:57'),
	(90, 4, 'INV-36775163', '2023-02-10', 1954891.00, 2411086.00, 'AP', 1, '2022-12-01 11:35:57', '2022-12-01 11:35:57'),
	(91, 2, 'INV-66377573', '2023-07-25', 2059282.00, 2463512.00, 'AP', 1, '2022-12-01 11:35:57', '2022-12-01 11:35:57'),
	(92, 4, 'INV-45334764', '2023-06-20', 4872664.00, 8090927.00, 'AP', 1, '2022-12-01 11:35:57', '2022-12-01 11:35:57'),
	(93, 19, 'INV-82782047', '2023-05-27', 3452996.00, 7458615.00, 'AP', 1, '2022-12-01 11:35:57', '2022-12-01 11:35:57'),
	(94, 7, 'INV-58026502', '2023-05-08', 8133683.00, 6431414.00, 'AP', 1, '2022-12-01 11:35:57', '2022-12-01 11:35:57'),
	(95, 3, 'INV-42840169', '2023-03-04', 4662111.00, 4466059.00, 'AP', 1, '2022-12-01 11:35:57', '2022-12-01 11:35:57'),
	(96, 18, 'INV-98124268', '2023-07-01', 5600369.00, 5916790.00, 'AP', 1, '2022-12-01 11:35:57', '2022-12-01 11:35:57'),
	(97, 19, 'INV-43183463', '2023-06-22', 7035806.00, 5470163.00, 'AP', 1, '2022-12-01 11:35:57', '2022-12-01 11:35:57'),
	(98, 1, 'INV-26500430', '2023-10-11', 3102877.00, 9114485.00, 'AP', 1, '2022-12-01 11:35:57', '2022-12-01 11:35:57'),
	(99, 7, 'INV-86882866', '2023-08-13', 2126408.00, 3989533.00, 'AP', 1, '2022-12-01 11:35:57', '2022-12-01 11:35:57'),
	(100, 13, 'INV-12774517', '2023-12-13', 2627483.00, 4133715.00, 'AP', 1, '2022-12-01 11:35:57', '2022-12-01 11:35:57'),
	(101, 19, 'INV-25953022', '2023-05-31', 1053990.00, 1825024.00, 'AP', 1, '2022-12-01 11:35:57', '2022-12-01 11:35:57'),
	(102, 3, 'INV-33043739', '2023-07-20', 4690291.00, 1472671.00, 'AP', 1, '2022-12-01 11:35:57', '2022-12-01 11:35:57'),
	(103, 17, 'INV-61593398', '2023-06-16', 9022863.00, 7141450.00, 'AP', 1, '2022-12-01 11:35:57', '2022-12-01 11:35:57'),
	(104, 13, 'INV-16574601', '2023-09-10', 2363984.00, 3227067.00, 'AP', 1, '2022-12-01 11:35:57', '2022-12-01 11:35:57'),
	(106, 4, 'INV-67817856', '2023-01-28', 8278733.00, 3125345.00, 'AP', 1, '2022-12-01 11:35:57', '2022-12-01 11:35:57'),
	(108, 17, 'INV-20746544', '2023-09-16', 5635567.00, 6842783.00, 'AP', 1, '2022-12-01 11:35:57', '2022-12-01 11:35:57'),
	(109, 1, 'INV-61040588', '2023-02-27', 5884957.00, 8122424.00, 'AP', 1, '2022-12-01 11:35:57', '2022-12-01 11:35:57'),
	(110, 1, 'INV-02673691', '2023-04-16', 3763072.00, 7614187.00, 'AP', 1, '2022-12-01 11:35:57', '2022-12-01 11:35:57'),
	(111, 5, 'INV-63609035', '2023-03-07', 8242239.00, 2639237.00, 'AP', 1, '2022-12-01 11:35:57', '2022-12-01 11:35:57'),
	(112, 5, 'INV-68775995', '2023-11-28', 7948777.00, 7198294.00, 'AP', 1, '2022-12-01 11:35:57', '2022-12-01 11:35:57'),
	(113, 5, 'INV-63393927', '2023-09-11', 4834759.00, 4309547.00, 'AP', 1, '2022-12-01 11:35:57', '2022-12-01 11:35:57'),
	(114, 17, 'INV-86678124', '2023-11-16', 1351087.00, 8679432.00, 'AP', 1, '2022-12-01 11:35:57', '2022-12-01 11:35:57'),
	(115, 2, 'INV-65379639', '2023-10-28', 2161065.00, 4820368.00, 'AP', 1, '2022-12-01 11:35:57', '2022-12-01 11:35:57'),
	(116, 10, 'INV-99803162', '2023-08-10', 5849980.00, 8537545.00, 'AP', 1, '2022-12-01 11:35:57', '2022-12-01 11:35:57'),
	(117, 4, 'INV-06394110', '2023-05-23', 9230250.00, 4407006.00, 'AP', 1, '2022-12-01 11:35:57', '2022-12-01 11:35:57'),
	(119, 9, 'INV-77433176', '2023-02-23', 8021263.00, 8969123.00, 'AP', 1, '2022-12-01 11:35:57', '2022-12-01 11:35:57'),
	(120, 2, 'INV-78698314', '2023-04-19', 2297025.00, 8990492.00, 'AP', 1, '2022-12-01 11:35:57', '2022-12-01 11:35:57'),
	(121, 11, 'INV-76066986', '2023-07-05', 7094386.00, 6196464.00, 'AP', 1, '2022-12-01 11:35:57', '2022-12-01 11:35:57'),
	(122, 1, 'INV-10553022', '2023-06-12', 2523414.00, 6602011.00, 'AP', 1, '2022-12-01 11:35:58', '2022-12-01 11:35:58'),
	(123, 14, 'INV-47983922', '2023-09-21', 7038803.00, 7839385.00, 'AP', 1, '2022-12-01 11:35:58', '2022-12-01 11:35:58'),
	(124, 16, 'INV-49110876', '2023-08-08', 9298005.00, 9031910.00, 'AP', 1, '2022-12-01 11:35:58', '2022-12-01 11:35:58'),
	(125, 11, 'INV-77865274', '2023-05-05', 8792828.00, 8376349.00, 'AP', 1, '2022-12-01 11:35:58', '2022-12-01 11:35:58'),
	(126, 8, 'INV-47801653', '2023-07-04', 9666871.00, 8063867.00, 'AP', 1, '2022-12-01 11:35:58', '2022-12-01 11:35:58'),
	(127, 4, 'INV-44787646', '2023-03-04', 9006531.00, 3078246.00, 'AP', 1, '2022-12-01 11:35:58', '2022-12-01 11:35:58'),
	(128, 14, 'INV-83736506', '2023-10-26', 3050113.00, 8598142.00, 'AP', 1, '2022-12-01 11:35:58', '2022-12-01 11:35:58'),
	(129, 7, 'INV-31110839', '2023-03-25', 9669404.00, 8329911.00, 'AP', 1, '2022-12-01 11:35:58', '2022-12-01 11:35:58'),
	(130, 2, 'INV-51103019', '2023-04-02', 7535845.00, 3529012.00, 'AP', 1, '2022-12-01 11:35:58', '2022-12-01 11:35:58'),
	(131, 18, 'INV-13893514', '2023-08-18', 2525157.00, 7188243.00, 'AP', 1, '2022-12-01 11:35:58', '2022-12-01 11:35:58'),
	(132, 3, 'INV-71747163', '2023-01-28', 7807460.00, 7218025.00, 'AP', 1, '2022-12-01 11:35:58', '2022-12-01 11:35:58'),
	(133, 13, 'INV-40087672', '2023-05-15', 6391626.00, 5670942.00, 'AP', 1, '2022-12-01 11:35:58', '2022-12-01 11:35:58'),
	(134, 14, 'INV-44398354', '2023-11-02', 9826110.00, 7338835.00, 'AP', 1, '2022-12-01 11:35:58', '2022-12-01 11:35:58'),
	(136, 4, 'INV-12115914', '2023-02-01', 6525008.00, 7640308.00, 'AP', 1, '2022-12-01 11:35:58', '2022-12-01 11:35:58'),
	(138, 19, 'INV-98893942', '2023-04-20', 9876154.00, 5684074.00, 'AP', 1, '2022-12-01 11:35:58', '2022-12-01 11:35:58'),
	(139, 10, 'INV-36461479', '2023-07-09', 3245594.00, 1559338.00, 'AP', 1, '2022-12-01 11:35:58', '2022-12-01 11:35:58'),
	(140, 4, 'INV-24473910', '2023-04-25', 5592518.00, 1794481.00, 'AP', 1, '2022-12-01 11:35:58', '2022-12-01 11:35:58'),
	(141, 4, 'INV-72635582', '2023-06-30', 4145630.00, 5380204.00, 'AP', 1, '2022-12-01 11:35:58', '2022-12-01 11:35:58'),
	(143, 11, 'INV-73194149', '2023-02-26', 6578608.00, 2593728.00, 'AP', 1, '2022-12-01 11:35:58', '2022-12-01 11:35:58'),
	(144, 2, 'INV-27800676', '2023-07-03', 3133158.00, 1863319.00, 'AP', 1, '2022-12-01 11:35:58', '2022-12-01 11:35:58'),
	(145, 7, 'INV-41684221', '2023-05-25', 1916263.00, 1756994.00, 'AP', 1, '2022-12-01 11:35:58', '2022-12-01 11:35:58'),
	(147, 16, 'INV-05672806', '2023-03-20', 7260510.00, 8717277.00, 'AP', 1, '2022-12-01 11:35:58', '2022-12-01 11:35:58'),
	(148, 18, 'INV-25289305', '2023-08-19', 2119666.00, 6139521.00, 'AP', 1, '2022-12-01 11:35:58', '2022-12-01 11:35:58'),
	(150, 4, 'INV-51635831', '2023-02-26', 9157511.00, 3886510.00, 'AP', 1, '2022-12-01 11:35:58', '2022-12-01 11:35:58'),
	(152, 6, 'INV-53983718', '2023-08-23', 8439105.00, 3312701.00, 'AP', 1, '2022-12-01 11:35:58', '2022-12-01 11:35:58'),
	(153, 11, 'INV-46284754', '2023-10-05', 2886180.00, 1219527.00, 'AP', 1, '2022-12-01 11:35:58', '2022-12-01 11:35:58'),
	(154, 17, 'INV-98494774', '2023-04-16', 7319181.00, 5457901.00, 'AP', 1, '2022-12-01 11:35:58', '2022-12-01 11:35:58'),
	(155, 15, 'INV-73873488', '2023-05-18', 7778469.00, 9241924.00, 'AP', 1, '2022-12-01 11:35:58', '2022-12-01 11:35:58'),
	(156, 4, 'INV-03577578', '2023-04-09', 5742655.00, 6365059.00, 'AP', 1, '2022-12-01 11:35:58', '2022-12-01 11:35:58'),
	(157, 19, 'INV-13609214', '2023-11-09', 6068918.00, 3094853.00, 'AP', 1, '2022-12-01 11:35:58', '2022-12-01 11:35:58'),
	(159, 12, 'INV-78965843', '2023-05-16', 8534215.00, 5910504.00, 'AP', 1, '2022-12-01 11:35:58', '2022-12-01 11:35:58'),
	(160, 8, 'INV-38714177', '2023-01-13', 2990762.00, 2198521.00, 'AP', 1, '2022-12-01 11:35:58', '2022-12-01 11:35:58'),
	(161, 20, 'INV-77711069', '2023-05-14', 1718874.00, 5485390.00, 'AP', 1, '2022-12-01 11:35:58', '2022-12-01 11:35:58'),
	(162, 13, 'INV-67559022', '2023-08-18', 7373285.00, 4605970.00, 'AP', 1, '2022-12-01 11:35:58', '2022-12-01 11:35:58'),
	(163, 16, 'INV-97225928', '2023-07-25', 9765042.00, 7259418.00, 'AP', 1, '2022-12-01 11:35:58', '2022-12-01 11:35:58'),
	(164, 12, 'INV-61863507', '2023-01-11', 7477510.00, 2191461.00, 'AP', 1, '2022-12-01 11:35:58', '2022-12-01 11:35:58'),
	(165, 17, 'INV-03877753', '2023-07-15', 7207580.00, 2368815.00, 'AP', 1, '2022-12-01 11:35:58', '2022-12-01 11:35:58'),
	(166, 5, 'INV-71458533', '2023-04-23', 2801015.00, 2505625.00, 'AP', 1, '2022-12-01 11:35:58', '2022-12-01 11:35:58'),
	(167, 8, 'INV-94087970', '2023-05-26', 6582514.00, 1719621.00, 'AP', 1, '2022-12-01 11:35:58', '2022-12-01 11:35:58'),
	(168, 13, 'INV-66259602', '2023-12-19', 9204479.00, 7235208.00, 'AP', 1, '2022-12-01 11:35:58', '2022-12-01 11:35:58'),
	(170, 15, 'INV-74394470', '2023-05-17', 9170880.00, 4396332.00, 'AP', 1, '2022-12-01 11:35:58', '2022-12-01 11:35:58'),
	(171, 14, 'INV-92555457', '2023-04-25', 6494919.00, 4778006.00, 'AP', 1, '2022-12-01 11:35:59', '2022-12-01 11:35:59'),
	(172, 12, 'INV-48088978', '2023-08-10', 9442565.00, 8005505.00, 'AP', 1, '2022-12-01 11:35:59', '2022-12-01 11:35:59'),
	(173, 13, 'INV-38191541', '2023-08-23', 9402412.00, 6139218.00, 'AP', 1, '2022-12-01 11:35:59', '2022-12-01 11:35:59'),
	(174, 8, 'INV-85201286', '2023-08-01', 8448228.00, 2655662.00, 'AP', 1, '2022-12-01 11:35:59', '2022-12-01 11:35:59'),
	(175, 7, 'INV-42763734', '2023-06-04', 3296100.00, 1847905.00, 'AP', 1, '2022-12-01 11:35:59', '2022-12-01 11:35:59'),
	(176, 7, 'INV-73423447', '2023-04-28', 3997971.00, 1665342.00, 'AP', 1, '2022-12-01 11:35:59', '2022-12-01 11:35:59'),
	(177, 5, 'INV-92125322', '2023-10-15', 6376454.00, 4636817.00, 'AP', 1, '2022-12-01 11:35:59', '2022-12-01 11:35:59'),
	(178, 19, 'INV-36212484', '2023-06-21', 9224467.00, 1978407.00, 'AP', 1, '2022-12-01 11:35:59', '2022-12-01 11:35:59'),
	(179, 10, 'INV-75397524', '2023-03-10', 4290460.00, 9862843.00, 'AP', 1, '2022-12-01 11:35:59', '2022-12-01 11:35:59'),
	(180, 12, 'INV-72026632', '2023-10-12', 7583824.00, 6815021.00, 'AP', 1, '2022-12-01 11:35:59', '2022-12-01 11:35:59'),
	(181, 7, 'INV-04338406', '2023-10-15', 1082936.00, 4336541.00, 'AP', 1, '2022-12-01 11:35:59', '2022-12-01 11:35:59'),
	(182, 20, 'INV-08712394', '2023-11-17', 3490402.00, 1748981.00, 'AP', 1, '2022-12-01 11:35:59', '2022-12-01 11:35:59'),
	(183, 16, 'INV-15888488', '2023-08-19', 8097730.00, 2119147.00, 'AP', 1, '2022-12-01 11:35:59', '2022-12-01 11:35:59'),
	(184, 9, 'INV-08562494', '2023-06-02', 5048579.00, 7932407.00, 'AP', 1, '2022-12-01 11:35:59', '2022-12-01 11:35:59'),
	(185, 13, 'INV-79147132', '2023-06-03', 4529021.00, 5358810.00, 'AP', 1, '2022-12-01 11:35:59', '2022-12-01 11:35:59'),
	(186, 13, 'INV-61395411', '2023-04-24', 7236068.00, 6654030.00, 'AP', 1, '2022-12-01 11:35:59', '2022-12-01 11:35:59'),
	(187, 10, 'INV-19329741', '2023-12-15', 6078314.00, 5934742.00, 'AP', 1, '2022-12-01 11:35:59', '2022-12-01 11:35:59'),
	(188, 1, 'INV-95870663', '2023-10-01', 3845888.00, 8772098.00, 'AP', 1, '2022-12-01 11:35:59', '2022-12-01 11:35:59'),
	(190, 5, 'INV-49664492', '2023-05-08', 2806912.00, 6916365.00, 'AP', 1, '2022-12-01 11:35:59', '2022-12-01 11:35:59'),
	(191, 4, 'INV-64354071', '2023-10-21', 1561670.00, 5865829.00, 'AP', 1, '2022-12-01 11:35:59', '2022-12-01 11:35:59'),
	(192, 9, 'INV-06086572', '2023-07-09', 2723033.00, 3132424.00, 'AP', 1, '2022-12-01 11:35:59', '2022-12-01 11:35:59'),
	(195, 10, 'INV-49360233', '2023-02-28', 3439178.00, 8092921.00, 'AP', 1, '2022-12-01 11:35:59', '2022-12-01 11:35:59'),
	(196, 5, 'INV-06355869', '2023-11-01', 6344344.00, 4980271.00, 'AP', 1, '2022-12-01 11:35:59', '2022-12-01 11:35:59'),
	(197, 12, 'INV-39754639', '2023-03-22', 9026943.00, 3236218.00, 'AP', 1, '2022-12-01 11:35:59', '2022-12-01 11:35:59'),
	(198, 1, 'INV-17635905', '2023-03-22', 6590969.00, 5758262.00, 'AP', 1, '2022-12-01 11:35:59', '2022-12-01 11:35:59'),
	(199, 8, 'INV-54573703', '2023-12-09', 6923086.00, 5088100.00, 'AP', 1, '2022-12-01 11:35:59', '2022-12-01 11:35:59'),
	(200, 18, 'INV-94157314', '2023-03-02', 4631407.00, 4032023.00, 'AP', 1, '2022-12-01 11:35:59', '2022-12-01 11:35:59'),
	(201, 19, 'INV-68939861', '2023-01-17', 2156035.00, 4046646.00, 'AP', 1, '2022-12-01 11:35:59', '2022-12-01 11:35:59'),
	(202, 2, 'INV-50282500', '2023-07-21', 8080779.00, 7472242.00, 'AP', 1, '2022-12-01 11:35:59', '2022-12-01 11:35:59'),
	(203, 11, 'INV-09534032', '2023-05-09', 4509981.00, 1131160.00, 'AP', 1, '2022-12-01 11:35:59', '2022-12-01 11:35:59'),
	(205, 10, 'INV-76511134', '2023-01-20', 8020197.00, 4733934.00, 'AP', 1, '2022-12-01 11:35:59', '2022-12-01 11:35:59'),
	(206, 15, 'INV-54443037', '2023-01-06', 2054552.00, 4285536.00, 'AP', 1, '2022-12-01 11:35:59', '2022-12-01 11:35:59');
/*!40000 ALTER TABLE `incomes` ENABLE KEYS */;

-- Dumping structure for table pimku.migrations
CREATE TABLE IF NOT EXISTS `migrations` (
  `id` int(10) unsigned NOT NULL AUTO_INCREMENT,
  `migration` varchar(255) COLLATE utf8mb4_unicode_ci NOT NULL,
  `batch` int(11) NOT NULL,
  PRIMARY KEY (`id`)
) ENGINE=InnoDB AUTO_INCREMENT=4 DEFAULT CHARSET=utf8mb4 COLLATE=utf8mb4_unicode_ci;

-- Dumping data for table pimku.migrations: ~2 rows (approximately)
/*!40000 ALTER TABLE `migrations` DISABLE KEYS */;
REPLACE INTO `migrations` (`id`, `migration`, `batch`) VALUES
	(1, '2014_10_12_000000_create_users_table', 1),
	(2, '2014_10_12_100000_create_password_resets_table', 1),
	(3, '2019_08_19_000000_create_failed_jobs_table', 1);
/*!40000 ALTER TABLE `migrations` ENABLE KEYS */;

-- Dumping structure for table pimku.milestones
CREATE TABLE IF NOT EXISTS `milestones` (
  `id` bigint(20) unsigned NOT NULL AUTO_INCREMENT,
  `project_id` int(11) NOT NULL DEFAULT '0',
  `name` varchar(255) COLLATE utf8mb4_unicode_ci NOT NULL,
  `create_by` int(11) NOT NULL DEFAULT '0',
  `created_at` timestamp NULL DEFAULT NULL,
  `updated_at` timestamp NULL DEFAULT NULL,
  PRIMARY KEY (`id`) USING BTREE
) ENGINE=InnoDB AUTO_INCREMENT=67 DEFAULT CHARSET=utf8mb4 COLLATE=utf8mb4_unicode_ci;

-- Dumping data for table pimku.milestones: ~60 rows (approximately)
/*!40000 ALTER TABLE `milestones` DISABLE KEYS */;
REPLACE INTO `milestones` (`id`, `project_id`, `name`, `create_by`, `created_at`, `updated_at`) VALUES
	(7, 1, 'Milestone 1', 1, '2022-11-23 11:48:08', '2022-11-23 11:48:08'),
	(8, 1, 'Milestone 2', 1, '2022-11-23 11:48:14', '2022-11-23 11:48:14'),
	(9, 1, 'Milestone 3', 1, '2022-11-23 11:48:19', '2022-11-23 11:48:19'),
	(10, 2, 'Milestone 1', 1, '2022-11-23 11:48:08', '2022-11-23 11:48:08'),
	(11, 2, 'Milestone 2', 1, '2022-11-23 11:48:14', '2022-11-23 11:48:14'),
	(12, 2, 'Milestone 3', 1, '2022-11-23 11:48:19', '2022-11-23 11:48:19'),
	(13, 3, 'Milestone 1', 1, '2022-11-23 11:48:08', '2022-11-23 11:48:08'),
	(14, 3, 'Milestone 2', 1, '2022-11-23 11:48:14', '2022-11-23 11:48:14'),
	(15, 3, 'Milestone 3', 1, '2022-11-23 11:48:19', '2022-11-23 11:48:19'),
	(16, 4, 'Milestone 1', 1, '2022-11-23 11:48:08', '2022-11-23 11:48:08'),
	(17, 4, 'Milestone 2', 1, '2022-11-23 11:48:14', '2022-11-23 11:48:14'),
	(18, 4, 'Milestone 3', 1, '2022-11-23 11:48:19', '2022-11-23 11:48:19'),
	(19, 5, 'Milestone 1', 1, '2022-11-23 11:48:08', '2022-11-23 11:48:08'),
	(20, 5, 'Milestone 2', 1, '2022-11-23 11:48:14', '2022-11-23 11:48:14'),
	(21, 5, 'Milestone 3', 1, '2022-11-23 11:48:19', '2022-11-23 11:48:19'),
	(22, 6, 'Milestone 1', 1, '2022-11-23 11:48:08', '2022-11-23 11:48:08'),
	(23, 6, 'Milestone 2', 1, '2022-11-23 11:48:14', '2022-11-23 11:48:14'),
	(24, 6, 'Milestone 3', 1, '2022-11-23 11:48:19', '2022-11-23 11:48:19'),
	(25, 7, 'Milestone 1', 1, '2022-11-23 11:48:08', '2022-11-23 11:48:08'),
	(26, 7, 'Milestone 2', 1, '2022-11-23 11:48:14', '2022-11-23 11:48:14'),
	(27, 7, 'Milestone 3', 1, '2022-11-23 11:48:19', '2022-11-23 11:48:19'),
	(28, 8, 'Milestone 1', 1, '2022-11-23 11:48:08', '2022-11-23 11:48:08'),
	(29, 8, 'Milestone 2', 1, '2022-11-23 11:48:14', '2022-11-23 11:48:14'),
	(30, 8, 'Milestone 3', 1, '2022-11-23 11:48:19', '2022-11-23 11:48:19'),
	(31, 9, 'Milestone 1', 1, '2022-11-23 11:48:08', '2022-11-23 11:48:08'),
	(32, 9, 'Milestone 2', 1, '2022-11-23 11:48:14', '2022-11-23 11:48:14'),
	(33, 9, 'Milestone 3', 1, '2022-11-23 11:48:19', '2022-11-23 11:48:19'),
	(34, 10, 'Milestone 1', 1, '2022-11-23 11:48:08', '2022-11-23 11:48:08'),
	(35, 10, 'Milestone 2', 1, '2022-11-23 11:48:14', '2022-11-23 11:48:14'),
	(36, 10, 'Milestone 3', 1, '2022-11-23 11:48:19', '2022-11-23 11:48:19'),
	(37, 11, 'Milestone 1', 1, '2022-11-23 11:48:08', '2022-11-23 11:48:08'),
	(38, 11, 'Milestone 2', 1, '2022-11-23 11:48:14', '2022-11-23 11:48:14'),
	(39, 11, 'Milestone 3', 1, '2022-11-23 11:48:19', '2022-11-23 11:48:19'),
	(40, 12, 'Milestone 1', 1, '2022-11-23 11:48:08', '2022-11-23 11:48:08'),
	(41, 12, 'Milestone 2', 1, '2022-11-23 11:48:14', '2022-11-23 11:48:14'),
	(42, 12, 'Milestone 3', 1, '2022-11-23 11:48:19', '2022-11-23 11:48:19'),
	(43, 13, 'Milestone 1', 1, '2022-11-23 11:48:08', '2022-11-23 11:48:08'),
	(44, 13, 'Milestone 2', 1, '2022-11-23 11:48:14', '2022-11-23 11:48:14'),
	(45, 13, 'Milestone 3', 1, '2022-11-23 11:48:19', '2022-11-23 11:48:19'),
	(46, 14, 'Milestone 1', 1, '2022-11-23 11:48:08', '2022-11-23 11:48:08'),
	(47, 14, 'Milestone 2', 1, '2022-11-23 11:48:14', '2022-11-23 11:48:14'),
	(48, 14, 'Milestone 3', 1, '2022-11-23 11:48:19', '2022-11-23 11:48:19'),
	(49, 15, 'Milestone 1', 1, '2022-11-23 11:48:08', '2022-11-23 11:48:08'),
	(50, 15, 'Milestone 2', 1, '2022-11-23 11:48:14', '2022-11-23 11:48:14'),
	(51, 15, 'Milestone 3', 1, '2022-11-23 11:48:19', '2022-11-23 11:48:19'),
	(52, 16, 'Milestone 1', 1, '2022-11-23 11:48:08', '2022-11-23 11:48:08'),
	(53, 16, 'Milestone 2', 1, '2022-11-23 11:48:14', '2022-11-23 11:48:14'),
	(54, 16, 'Milestone 3', 1, '2022-11-23 11:48:19', '2022-11-23 11:48:19'),
	(55, 17, 'Milestone 1', 1, '2022-11-23 11:48:08', '2022-11-23 11:48:08'),
	(56, 17, 'Milestone 2', 1, '2022-11-23 11:48:14', '2022-11-23 11:48:14'),
	(57, 17, 'Milestone 3', 1, '2022-11-23 11:48:19', '2022-11-23 11:48:19'),
	(58, 18, 'Milestone 1', 1, '2022-11-23 11:48:08', '2022-11-23 11:48:08'),
	(59, 18, 'Milestone 2', 1, '2022-11-23 11:48:14', '2022-11-23 11:48:14'),
	(60, 18, 'Milestone 3', 1, '2022-11-23 11:48:19', '2022-11-23 11:48:19'),
	(61, 19, 'Milestone 1', 1, '2022-11-23 11:48:08', '2022-11-23 11:48:08'),
	(62, 19, 'Milestone 2', 1, '2022-11-23 11:48:14', '2022-11-23 11:48:14'),
	(63, 19, 'Milestone 3', 1, '2022-11-23 11:48:19', '2022-11-23 11:48:19'),
	(64, 20, 'Milestone 1', 1, '2022-11-23 11:48:08', '2022-11-23 11:48:08'),
	(65, 20, 'Milestone 2', 1, '2022-11-23 11:48:14', '2022-11-23 11:48:14'),
	(66, 20, 'Milestone 3', 1, '2022-11-23 11:48:19', '2022-11-23 11:48:19');
/*!40000 ALTER TABLE `milestones` ENABLE KEYS */;

-- Dumping structure for table pimku.password_resets
CREATE TABLE IF NOT EXISTS `password_resets` (
  `id` int(10) NOT NULL AUTO_INCREMENT,
  `email` varchar(255) COLLATE utf8mb4_unicode_ci DEFAULT NULL,
  `token` varchar(255) COLLATE utf8mb4_unicode_ci DEFAULT NULL,
  `created_at` timestamp NULL DEFAULT NULL,
  `updated_at` timestamp NULL DEFAULT NULL,
  PRIMARY KEY (`id`),
  KEY `password_resets_email_index` (`email`)
) ENGINE=InnoDB AUTO_INCREMENT=6 DEFAULT CHARSET=utf8mb4 COLLATE=utf8mb4_unicode_ci;

-- Dumping data for table pimku.password_resets: ~0 rows (approximately)
/*!40000 ALTER TABLE `password_resets` DISABLE KEYS */;
/*!40000 ALTER TABLE `password_resets` ENABLE KEYS */;

-- Dumping structure for table pimku.plans
CREATE TABLE IF NOT EXISTS `plans` (
  `id` bigint(20) unsigned NOT NULL AUTO_INCREMENT,
  `name` varchar(100) COLLATE utf8mb4_unicode_ci NOT NULL,
  `price` double(8,2) NOT NULL DEFAULT '0.00',
  `duration` varchar(100) COLLATE utf8mb4_unicode_ci NOT NULL,
  `unit` varchar(100) COLLATE utf8mb4_unicode_ci NOT NULL,
  `max_projects` int(11) NOT NULL DEFAULT '0',
  `max_clients` int(11) NOT NULL DEFAULT '0',
  `max_incomes` int(11) NOT NULL DEFAULT '0',
  `max_expenses` int(11) NOT NULL DEFAULT '0',
  `description` text COLLATE utf8mb4_unicode_ci,
  `url` varchar(255) COLLATE utf8mb4_unicode_ci DEFAULT NULL,
  `is_support` int(11) DEFAULT NULL,
  `created_at` timestamp NULL DEFAULT NULL,
  `updated_at` timestamp NULL DEFAULT NULL,
  PRIMARY KEY (`id`) USING BTREE,
  UNIQUE KEY `plans_name_unique` (`name`) USING BTREE
) ENGINE=InnoDB AUTO_INCREMENT=4 DEFAULT CHARSET=utf8mb4 COLLATE=utf8mb4_unicode_ci;

-- Dumping data for table pimku.plans: ~3 rows (approximately)
/*!40000 ALTER TABLE `plans` DISABLE KEYS */;
REPLACE INTO `plans` (`id`, `name`, `price`, `duration`, `unit`, `max_projects`, `max_clients`, `max_incomes`, `max_expenses`, `description`, `url`, `is_support`, `created_at`, `updated_at`) VALUES
	(1, 'Free Plan', 0.00, '7', 'day', 3, 30, 30, 30, '<br>', NULL, 0, '2022-11-28 19:19:47', '2022-11-28 19:19:47'),
	(2, 'Lite Plan', 50000.00, '1', 'month', 0, 0, 0, 0, '*Min Terms 6 Month', 'https://api.whatsapp.com/send?phone=6285156585179&text=Halo%2C%20Pimku%20-%20CS%2C%0A%0ASaya%20_nama_%2C%20dengan%20email%20%3A%20_email_%0ASaya%20ingin%20upgrade%20paket%20ke%20*Lite%20Plan*', 1, '2022-11-28 19:19:47', '2022-11-28 19:19:47'),
	(3, 'Pro Plan', 45000.00, '1', 'month', 0, 0, 0, 0, '*Min Terms 1 Year', 'https://api.whatsapp.com/send?phone=6285156585179&text=Halo%2C%20Pimku%20-%20CS%2C%0A%0ASaya%20_nama_%2C%20dengan%20email%20%3A%20_email_%0ASaya%20ingin%20upgrade%20paket%20ke%20*Pro%20Plan*', 1, '2022-11-28 19:19:47', '2022-11-28 19:19:47');
/*!40000 ALTER TABLE `plans` ENABLE KEYS */;

-- Dumping structure for table pimku.priorities
CREATE TABLE IF NOT EXISTS `priorities` (
  `id` int(11) NOT NULL AUTO_INCREMENT,
  `name` varchar(50) COLLATE latin1_general_ci DEFAULT NULL,
  `color` varchar(50) COLLATE latin1_general_ci DEFAULT NULL,
  `created_at` timestamp NULL DEFAULT NULL,
  `updated_at` timestamp NULL DEFAULT NULL,
  PRIMARY KEY (`id`) USING BTREE
) ENGINE=InnoDB AUTO_INCREMENT=4 DEFAULT CHARSET=latin1 COLLATE=latin1_general_ci;

-- Dumping data for table pimku.priorities: ~3 rows (approximately)
/*!40000 ALTER TABLE `priorities` DISABLE KEYS */;
REPLACE INTO `priorities` (`id`, `name`, `color`, `created_at`, `updated_at`) VALUES
	(1, 'Low', 'success', '2022-11-22 22:55:48', '2022-11-22 22:55:48'),
	(2, 'Medium', 'warning', '2022-11-22 22:55:53', '2022-11-22 22:55:53'),
	(3, 'High', 'danger', '2022-11-22 22:55:58', '2022-11-22 22:55:59');
/*!40000 ALTER TABLE `priorities` ENABLE KEYS */;

-- Dumping structure for table pimku.projects
CREATE TABLE IF NOT EXISTS `projects` (
  `id` int(11) NOT NULL AUTO_INCREMENT,
  `name` varchar(255) COLLATE latin1_general_ci DEFAULT NULL,
  `manager` int(10) DEFAULT '0' COMMENT 'relation from employees table',
  `client_id` int(10) DEFAULT '0',
  `budget` decimal(20,2) DEFAULT '0.00',
  `start_date` date DEFAULT NULL,
  `end_date` date DEFAULT NULL,
  `complexity_id` int(11) DEFAULT NULL,
  `priority_id` int(11) DEFAULT NULL,
  `status_id` int(11) DEFAULT NULL,
  `plan_hours` int(11) DEFAULT NULL,
  `create_by` int(11) DEFAULT NULL,
  `created_at` timestamp NULL DEFAULT NULL,
  `updated_at` timestamp NULL DEFAULT NULL,
  PRIMARY KEY (`id`)
) ENGINE=InnoDB AUTO_INCREMENT=22 DEFAULT CHARSET=latin1 COLLATE=latin1_general_ci;

-- Dumping data for table pimku.projects: ~20 rows (approximately)
/*!40000 ALTER TABLE `projects` DISABLE KEYS */;
REPLACE INTO `projects` (`id`, `name`, `manager`, `client_id`, `budget`, `start_date`, `end_date`, `complexity_id`, `priority_id`, `status_id`, `plan_hours`, `create_by`, `created_at`, `updated_at`) VALUES
	(1, 'Project 1', 20, 20, 90000000.00, '2023-01-03', '2023-06-27', 2, 2, 3, 109, 1, '2022-12-01 11:52:48', '2022-12-01 11:55:00'),
	(2, 'Project 2', 19, 2, 39981841.00, '2023-01-11', '2023-02-03', 2, 1, 1, 131, 1, '2022-12-01 11:52:48', '2022-12-01 13:57:16'),
	(3, 'Project 3', 1, 6, 59752997.00, '2023-01-08', '2023-10-11', 2, 2, 2, 298, 1, '2022-12-01 11:52:48', '2022-12-01 11:52:48'),
	(4, 'Project 4', 13, 15, 85000000.00, '2023-01-25', '2023-07-24', 3, 3, 2, 230, 1, '2022-12-01 11:52:48', '2022-12-01 11:55:18'),
	(5, 'Project 5', 11, 17, 68137945.00, '2023-01-23', '2023-11-18', 3, 3, 3, 951, 1, '2022-12-01 11:52:48', '2022-12-01 11:52:48'),
	(6, 'Project 6', 15, 20, 20101616.00, '2023-01-06', '2023-12-16', 3, 3, 2, 530, 1, '2022-12-01 11:52:48', '2022-12-01 11:52:48'),
	(7, 'Project 7', 7, 5, 70000000.00, '2023-01-23', '2023-02-02', 3, 1, 2, 345, 1, '2022-12-01 11:52:48', '2022-12-01 11:55:35'),
	(8, 'Project 8', 5, 10, 96391985.00, '2023-01-20', '2023-04-07', 3, 2, 1, 897, 1, '2022-12-01 11:52:48', '2022-12-01 11:52:48'),
	(9, 'Project 9', 20, 7, 54838231.00, '2023-01-13', '2023-05-30', 2, 1, 1, 680, 1, '2022-12-01 11:52:48', '2022-12-01 11:52:48'),
	(10, 'Project 10', 16, 18, 70000000.00, '2023-01-19', '2023-07-12', 1, 1, 2, 764, 1, '2022-12-01 11:52:48', '2022-12-01 11:55:48'),
	(11, 'Project 11', 16, 7, 38260697.00, '2023-01-29', '2023-07-10', 1, 2, 3, 628, 1, '2022-12-01 11:52:48', '2022-12-01 11:52:48'),
	(12, 'Project 12', 11, 9, 67480914.00, '2023-01-08', '2023-03-12', 1, 2, 3, 825, 1, '2022-12-01 11:52:48', '2022-12-01 11:52:48'),
	(13, 'Project 13', 18, 3, 89211482.00, '2023-01-16', '2023-11-05', 3, 2, 1, 113, 1, '2022-12-01 11:52:48', '2022-12-01 11:52:48'),
	(14, 'Project 14', 2, 17, 50000000.00, '2023-01-11', '2023-09-21', 1, 2, 2, 638, 1, '2022-12-01 11:52:48', '2022-12-01 11:56:09'),
	(15, 'Project 15', 15, NULL, 40000000.00, '2023-01-07', '2023-09-18', 1, 2, 3, 391, 1, '2022-12-01 11:52:48', '2022-12-01 11:56:30'),
	(16, 'Project 16', 2, 13, 54134055.00, '2023-01-22', '2023-01-31', 2, 3, 2, 758, 1, '2022-12-01 11:52:49', '2022-12-01 11:52:49'),
	(17, 'Project 17', 15, 10, 49459191.00, '2023-01-18', '2023-09-07', 1, 3, 2, 802, 1, '2022-12-01 11:52:49', '2022-12-01 11:52:49'),
	(18, 'Project 18', 3, 4, 70993558.00, '2023-01-22', '2023-10-19', 2, 2, 2, 408, 1, '2022-12-01 11:52:49', '2022-12-01 11:52:49'),
	(19, 'Project 19', 8, 7, 60000000.00, '2023-01-28', '2023-03-09', 1, 1, 2, 333, 1, '2022-12-01 11:52:49', '2022-12-01 11:56:47'),
	(20, 'Project 20', 15, 15, 61536995.00, '2023-01-05', '2023-04-14', 1, 3, 2, 478, 1, '2022-12-01 11:52:49', '2022-12-01 11:52:49'),
	(21, 'Project 21', 15, 15, 61536995.00, '2023-01-05', '2023-04-14', 1, 3, 2, 478, 2, '2022-12-01 11:52:49', '2022-12-01 11:52:49');
/*!40000 ALTER TABLE `projects` ENABLE KEYS */;

-- Dumping structure for table pimku.statuses
CREATE TABLE IF NOT EXISTS `statuses` (
  `id` int(11) NOT NULL AUTO_INCREMENT,
  `name` varchar(50) COLLATE latin1_general_ci DEFAULT NULL,
  `created_at` timestamp NULL DEFAULT NULL,
  `updated_at` timestamp NULL DEFAULT NULL,
  PRIMARY KEY (`id`) USING BTREE
) ENGINE=InnoDB AUTO_INCREMENT=6 DEFAULT CHARSET=latin1 COLLATE=latin1_general_ci;

-- Dumping data for table pimku.statuses: ~4 rows (approximately)
/*!40000 ALTER TABLE `statuses` DISABLE KEYS */;
REPLACE INTO `statuses` (`id`, `name`, `created_at`, `updated_at`) VALUES
	(1, 'Open', '2022-11-22 23:00:44', '2022-11-22 23:00:45'),
	(2, 'In Progress', '2022-11-22 23:01:02', '2022-11-22 23:01:02'),
	(3, 'Completed', '2022-11-22 23:01:03', '2022-11-22 23:01:03'),
	(4, 'On Hold', '2022-11-22 23:01:23', '2022-11-22 23:01:24'),
	(5, 'Cancelled', '2022-11-22 23:01:32', '2022-11-22 23:01:32');
/*!40000 ALTER TABLE `statuses` ENABLE KEYS */;

-- Dumping structure for table pimku.tasks
CREATE TABLE IF NOT EXISTS `tasks` (
  `id` int(11) NOT NULL AUTO_INCREMENT,
  `project_id` int(11) DEFAULT NULL,
  `milestone_id` int(11) DEFAULT NULL,
  `employee_id` int(11) DEFAULT NULL,
  `wbs_code` varchar(255) COLLATE latin1_general_ci DEFAULT NULL,
  `name` varchar(255) COLLATE latin1_general_ci DEFAULT NULL,
  `start_date` date DEFAULT NULL,
  `end_date` date DEFAULT NULL,
  `status_id` int(11) DEFAULT NULL,
  `complexity_id` int(11) DEFAULT NULL,
  `priority_id` int(11) DEFAULT NULL,
  `plan_hours` int(11) DEFAULT NULL,
  `actual_hours` int(11) DEFAULT NULL,
  `remarks` varchar(255) COLLATE latin1_general_ci DEFAULT NULL,
  `create_by` int(11) DEFAULT NULL,
  `created_at` timestamp NULL DEFAULT NULL,
  `updated_at` timestamp NULL DEFAULT NULL,
  PRIMARY KEY (`id`)
) ENGINE=InnoDB AUTO_INCREMENT=501 DEFAULT CHARSET=latin1 COLLATE=latin1_general_ci;

-- Dumping data for table pimku.tasks: ~0 rows (approximately)
/*!40000 ALTER TABLE `tasks` DISABLE KEYS */;
REPLACE INTO `tasks` (`id`, `project_id`, `milestone_id`, `employee_id`, `wbs_code`, `name`, `start_date`, `end_date`, `status_id`, `complexity_id`, `priority_id`, `plan_hours`, `actual_hours`, `remarks`, `create_by`, `created_at`, `updated_at`) VALUES
	(1, 15, 3, 20, '07506307', 'Task 82563875', '2023-02-28', '2023-09-27', 2, 3, 1, 98, 97, 'AP', 1, '2022-12-01 12:06:31', '2022-12-01 12:06:31'),
	(2, 1, 2, 13, '38729973', 'Task 18637007', '2023-04-10', '2023-10-24', 3, 2, 1, 10, 69, 'AP', 1, '2022-12-01 12:06:32', '2022-12-01 12:06:32'),
	(3, 1, 2, 16, '62731331', 'Task 50907052', '2023-02-07', '2023-07-26', 2, 1, 2, 50, 21, 'AP', 1, '2022-12-01 12:06:32', '2022-12-01 12:06:32'),
	(4, 9, 2, 4, '07835599', 'Task 67673230', '2023-04-29', '2023-11-17', 1, 2, 3, 77, 84, 'AP', 1, '2022-12-01 12:06:32', '2022-12-01 12:06:32'),
	(5, 19, 3, 2, '21276699', 'Task 97649755', '2023-05-09', '2023-09-26', 2, 2, 1, 83, 91, 'AP', 1, '2022-12-01 12:06:32', '2022-12-01 12:06:32'),
	(6, 5, 1, 1, '99855352', 'Task 87483673', '2023-08-23', '2023-08-26', 3, 3, 2, 69, 51, 'AP', 1, '2022-12-01 12:06:32', '2022-12-01 12:06:32'),
	(7, 17, 2, 19, '40755625', 'Task 71824383', '2022-12-26', '2023-11-16', 3, 1, 3, 57, 63, 'AP', 1, '2022-12-01 12:06:32', '2022-12-01 12:06:32'),
	(8, 17, 3, 6, '86032513', 'Task 48501965', '2023-01-05', '2023-10-22', 3, 1, 1, 98, 38, 'AP', 1, '2022-12-01 12:06:32', '2022-12-01 12:06:32'),
	(9, 12, 3, 15, '94523331', 'Task 15572059', '2023-06-03', '2023-10-28', 1, 3, 2, 65, 31, 'AP', 1, '2022-12-01 12:06:32', '2022-12-01 12:06:32'),
	(10, 3, 1, 12, '08414540', 'Task 60682857', '2023-10-18', '2023-11-12', 2, 1, 1, 40, 68, 'AP', 1, '2022-12-01 12:06:32', '2022-12-01 12:06:32'),
	(11, 15, 1, 10, '23558595', 'Task 16903715', '2023-07-04', '2023-11-10', 3, 2, 2, 41, 75, 'AP', 1, '2022-12-01 12:06:32', '2022-12-01 12:06:32'),
	(12, 16, 2, 1, '68649098', 'Task 27587447', '2023-05-17', '2023-09-16', 3, 1, 2, 18, 53, 'AP', 1, '2022-12-01 12:06:32', '2022-12-01 12:06:32'),
	(13, 8, 2, 6, '47710221', 'Task 91367112', '2023-06-19', '2023-11-19', 1, 1, 1, 48, 33, 'AP', 1, '2022-12-01 12:06:32', '2022-12-01 12:06:32'),
	(14, 6, 2, 8, '79474979', 'Task 89026328', '2022-12-16', '2023-10-20', 2, 1, 2, 40, 17, 'AP', 1, '2022-12-01 12:06:32', '2022-12-01 12:06:32'),
	(15, 8, 1, 16, '78161979', 'Task 80947851', '2023-02-09', '2023-06-21', 2, 1, 3, 14, 27, 'AP', 1, '2022-12-01 12:06:32', '2022-12-01 12:06:32'),
	(16, 1, 3, 8, '86597258', 'Task 82954765', '2023-04-07', '2023-06-07', 2, 1, 2, 63, 21, 'AP', 1, '2022-12-01 12:06:32', '2022-12-01 12:06:32'),
	(17, 17, 2, 19, '72576755', 'Task 68144814', '2023-05-25', '2023-10-08', 2, 2, 1, 18, 29, 'AP', 1, '2022-12-01 12:06:32', '2022-12-01 12:06:32'),
	(18, 11, 2, 1, '69454141', 'Task 01126112', '2023-05-26', '2023-07-01', 1, 2, 2, 51, 74, 'AP', 1, '2022-12-01 12:06:32', '2022-12-01 12:06:32'),
	(19, 9, 1, 13, '00366076', 'Task 35887348', '2023-07-25', '2023-08-07', 2, 3, 2, 75, 16, 'AP', 1, '2022-12-01 12:06:32', '2022-12-01 12:06:32'),
	(20, 3, 2, 9, '26668437', 'Task 86273626', '2023-01-05', '2023-11-27', 3, 2, 2, 64, 91, 'AP', 1, '2022-12-01 12:06:32', '2022-12-01 12:06:32'),
	(21, 7, 2, 9, '17546119', 'Task 04661672', '2023-03-12', '2023-11-05', 2, 1, 3, 57, 64, 'AP', 1, '2022-12-01 12:06:32', '2022-12-01 12:06:32'),
	(22, 8, 3, 17, '67859009', 'Task 99620127', '2023-11-01', '2023-09-19', 1, 3, 3, 18, 33, 'AP', 1, '2022-12-01 12:06:32', '2022-12-01 12:06:32'),
	(23, 1, 3, 3, '91897565', 'Task 39786272', '2023-05-13', '2023-10-13', 1, 1, 2, 95, 90, 'AP', 1, '2022-12-01 12:06:32', '2022-12-01 12:06:32'),
	(24, 17, 1, 12, '28135784', 'Task 47186781', '2023-09-23', '2023-08-10', 2, 1, 1, 71, 43, 'AP', 1, '2022-12-01 12:06:32', '2022-12-01 12:06:32'),
	(25, 1, 3, 1, '04226147', 'Task 61858961', '2023-02-01', '2023-09-19', 3, 2, 3, 92, 37, 'AP', 1, '2022-12-01 12:06:32', '2022-12-01 12:06:32'),
	(26, 1, 3, 14, '37276331', 'Task 29516803', '2023-05-08', '2023-09-23', 2, 1, 2, 90, 15, 'AP', 1, '2022-12-01 12:06:32', '2022-12-01 12:06:32'),
	(27, 10, 1, 7, '04890027', 'Task 66908456', '2023-10-05', '2023-06-14', 1, 2, 3, 67, 72, 'AP', 1, '2022-12-01 12:06:32', '2022-12-01 12:06:32'),
	(28, 14, 3, 18, '76286018', 'Task 77955098', '2023-06-13', '2023-09-05', 3, 2, 3, 74, 40, 'AP', 1, '2022-12-01 12:06:32', '2022-12-01 12:06:32'),
	(29, 15, 1, 16, '91603968', 'Task 80920991', '2023-11-27', '2023-11-12', 2, 2, 2, 99, 17, 'AP', 1, '2022-12-01 12:06:32', '2022-12-01 12:06:32'),
	(30, 15, 1, 3, '02435985', 'Task 08677228', '2023-02-08', '2023-09-11', 3, 1, 2, 16, 99, 'AP', 1, '2022-12-01 12:06:32', '2022-12-01 12:06:32'),
	(31, 19, 1, 2, '31727006', 'Task 34588703', '2023-06-11', '2023-06-25', 3, 3, 3, 12, 38, 'AP', 1, '2022-12-01 12:06:32', '2022-12-01 12:06:32'),
	(32, 13, 1, 16, '39435484', 'Task 71246390', '2023-04-06', '2023-10-21', 1, 3, 1, 75, 70, 'AP', 1, '2022-12-01 12:06:32', '2022-12-01 12:06:32'),
	(33, 11, 1, 11, '66894865', 'Task 18927641', '2023-02-06', '2023-07-27', 1, 1, 1, 90, 42, 'AP', 1, '2022-12-01 12:06:32', '2022-12-01 12:06:32'),
	(34, 10, 3, 7, '65217160', 'Task 75755522', '2023-01-01', '2023-07-29', 3, 1, 3, 32, 25, 'AP', 1, '2022-12-01 12:06:32', '2022-12-01 12:06:32'),
	(35, 18, 3, 11, '05235063', 'Task 46054425', '2023-05-02', '2023-11-19', 3, 1, 1, 15, 87, 'AP', 1, '2022-12-01 12:06:32', '2022-12-01 12:06:32'),
	(36, 20, 1, 18, '07120381', 'Task 99483272', '2023-06-18', '2023-06-11', 2, 3, 1, 56, 16, 'AP', 1, '2022-12-01 12:06:32', '2022-12-01 12:06:32'),
	(37, 6, 3, 5, '58790434', 'Task 26232195', '2023-10-31', '2023-11-22', 1, 1, 3, 15, 66, 'AP', 1, '2022-12-01 12:06:32', '2022-12-01 12:06:32'),
	(38, 11, 2, 17, '59988892', 'Task 31067157', '2023-09-30', '2023-08-04', 3, 3, 2, 98, 71, 'AP', 1, '2022-12-01 12:06:32', '2022-12-01 12:06:32'),
	(39, 7, 3, 9, '16839472', 'Task 62771344', '2023-07-19', '2023-06-12', 2, 3, 3, 97, 98, 'AP', 1, '2022-12-01 12:06:32', '2022-12-01 12:06:32'),
	(40, 12, 3, 9, '29524006', 'Task 14875090', '2023-03-03', '2023-08-30', 3, 1, 2, 54, 41, 'AP', 1, '2022-12-01 12:06:32', '2022-12-01 12:06:32'),
	(41, 3, 3, 17, '14691881', 'Task 55704922', '2023-08-03', '2023-10-05', 2, 2, 1, 41, 46, 'AP', 1, '2022-12-01 12:06:32', '2022-12-01 12:06:32'),
	(42, 14, 3, 3, '47708860', 'Task 85931763', '2023-02-23', '2023-08-22', 2, 1, 1, 75, 46, 'AP', 1, '2022-12-01 12:06:32', '2022-12-01 12:06:32'),
	(43, 4, 3, 18, '28534693', 'Task 79687874', '2023-03-25', '2023-09-11', 1, 3, 1, 33, 90, 'AP', 1, '2022-12-01 12:06:32', '2022-12-01 12:06:32'),
	(44, 17, 2, 3, '59924678', 'Task 95091198', '2023-06-08', '2023-11-30', 3, 2, 3, 22, 62, 'AP', 1, '2022-12-01 12:06:32', '2022-12-01 12:06:32'),
	(45, 7, 2, 18, '15554550', 'Task 33222165', '2023-03-11', '2023-10-02', 1, 2, 1, 41, 84, 'AP', 1, '2022-12-01 12:06:32', '2022-12-01 12:06:32'),
	(46, 1, 1, 16, '87510836', 'Task 53625144', '2022-12-29', '2023-09-15', 1, 1, 3, 84, 98, 'AP', 1, '2022-12-01 12:06:32', '2022-12-01 12:06:32'),
	(47, 17, 3, 12, '85310254', 'Task 71810546', '2023-08-11', '2023-11-03', 1, 2, 2, 55, 21, 'AP', 1, '2022-12-01 12:06:32', '2022-12-01 12:06:32'),
	(48, 12, 1, 3, '56977813', 'Task 27482742', '2023-10-16', '2023-09-15', 2, 3, 3, 29, 79, 'AP', 1, '2022-12-01 12:06:32', '2022-12-01 12:06:32'),
	(49, 2, 2, 15, '47526440', 'Task 84818713', '2023-10-17', '2023-08-26', 3, 1, 1, 59, 24, 'AP', 1, '2022-12-01 12:06:32', '2022-12-01 12:06:32'),
	(50, 2, 1, 10, '86344265', 'Task 44588670', '2023-11-07', '2023-10-30', 2, 1, 1, 100, 72, 'AP', 1, '2022-12-01 12:06:32', '2022-12-01 12:06:32'),
	(51, 7, 3, 6, '90934124', 'Task 96080665', '2023-10-10', '2023-08-15', 3, 2, 2, 14, 97, 'AP', 1, '2022-12-01 12:06:32', '2022-12-01 12:06:32'),
	(52, 13, 1, 11, '00071321', 'Task 52222269', '2023-08-20', '2023-08-10', 2, 1, 3, 89, 68, 'AP', 1, '2022-12-01 12:06:32', '2022-12-01 12:06:32'),
	(53, 15, 3, 2, '32452310', 'Task 79053563', '2023-09-24', '2023-10-04', 2, 3, 2, 99, 96, 'AP', 1, '2022-12-01 12:06:33', '2022-12-01 12:06:33'),
	(54, 3, 3, 7, '96563274', 'Task 54228801', '2023-05-15', '2023-10-13', 3, 3, 1, 57, 60, 'AP', 1, '2022-12-01 12:06:33', '2022-12-01 12:06:33'),
	(55, 1, 3, 1, '96001349', 'Task 22214096', '2023-08-13', '2023-10-11', 1, 3, 1, 21, 17, 'AP', 1, '2022-12-01 12:06:33', '2022-12-01 12:06:33'),
	(56, 1, 1, 14, '89591819', 'Task 56788556', '2023-07-24', '2023-08-29', 1, 3, 3, 13, 15, 'AP', 1, '2022-12-01 12:06:33', '2022-12-01 12:06:33'),
	(57, 6, 2, 20, '07630552', 'Task 73593034', '2023-02-06', '2023-06-29', 3, 3, 3, 72, 59, 'AP', 1, '2022-12-01 12:06:33', '2022-12-01 12:06:33'),
	(58, 4, 2, 9, '06136567', 'Task 23368118', '2023-09-29', '2023-11-28', 2, 2, 1, 39, 83, 'AP', 1, '2022-12-01 12:06:33', '2022-12-01 12:06:33'),
	(59, 20, 2, 14, '85148833', 'Task 69386411', '2023-07-01', '2023-08-27', 3, 2, 1, 15, 67, 'AP', 1, '2022-12-01 12:06:33', '2022-12-01 12:06:33'),
	(60, 16, 1, 3, '54524200', 'Task 83213144', '2023-10-12', '2023-08-12', 1, 1, 2, 34, 75, 'AP', 1, '2022-12-01 12:06:33', '2022-12-01 12:06:33'),
	(61, 19, 3, 10, '40968889', 'Task 92780392', '2023-03-09', '2023-11-26', 3, 1, 3, 45, 50, 'AP', 1, '2022-12-01 12:06:33', '2022-12-01 12:06:33'),
	(62, 10, 1, 20, '74824489', 'Task 80537946', '2023-05-01', '2023-11-30', 2, 1, 1, 94, 64, 'AP', 1, '2022-12-01 12:06:33', '2022-12-01 12:06:33'),
	(63, 3, 3, 9, '84332172', 'Task 74297986', '2023-09-21', '2023-11-18', 1, 1, 3, 100, 84, 'AP', 1, '2022-12-01 12:06:33', '2022-12-01 12:06:33'),
	(64, 11, 1, 2, '29636679', 'Task 97813125', '2023-02-09', '2023-08-28', 1, 2, 3, 31, 49, 'AP', 1, '2022-12-01 12:06:33', '2022-12-01 12:06:33'),
	(65, 3, 3, 16, '46550866', 'Task 97939665', '2023-10-04', '2023-09-12', 2, 3, 1, 35, 13, 'AP', 1, '2022-12-01 12:06:33', '2022-12-01 12:06:33'),
	(66, 8, 2, 3, '23173286', 'Task 33140100', '2023-04-19', '2023-11-11', 2, 2, 3, 60, 93, 'AP', 1, '2022-12-01 12:06:33', '2022-12-01 12:06:33'),
	(67, 18, 2, 20, '81959518', 'Task 65475393', '2023-02-24', '2023-10-20', 2, 1, 1, 87, 24, 'AP', 1, '2022-12-01 12:06:33', '2022-12-01 12:06:33'),
	(68, 11, 2, 9, '17268660', 'Task 14888502', '2023-03-24', '2023-11-19', 2, 3, 1, 22, 78, 'AP', 1, '2022-12-01 12:06:33', '2022-12-01 12:06:33'),
	(69, 2, 3, 9, '29820054', 'Task 49209761', '2023-02-08', '2023-08-06', 1, 2, 2, 64, 82, 'AP', 1, '2022-12-01 12:06:33', '2022-12-01 12:06:33'),
	(70, 20, 2, 19, '69255816', 'Task 99528461', '2022-12-22', '2023-07-14', 2, 2, 1, 19, 43, 'AP', 1, '2022-12-01 12:06:33', '2022-12-01 12:06:33'),
	(71, 9, 2, 13, '70000603', 'Task 09143319', '2023-06-14', '2023-11-06', 3, 1, 3, 96, 83, 'AP', 1, '2022-12-01 12:06:33', '2022-12-01 12:06:33'),
	(72, 14, 2, 11, '16621251', 'Task 90773228', '2023-07-05', '2023-09-25', 3, 3, 1, 62, 96, 'AP', 1, '2022-12-01 12:06:33', '2022-12-01 12:06:33'),
	(73, 10, 3, 18, '55069502', 'Task 17020190', '2023-06-05', '2023-10-11', 1, 3, 3, 82, 90, 'AP', 1, '2022-12-01 12:06:33', '2022-12-01 12:06:33'),
	(74, 20, 2, 8, '98421435', 'Task 41693858', '2023-02-06', '2023-08-23', 3, 3, 1, 77, 10, 'AP', 1, '2022-12-01 12:06:33', '2022-12-01 12:06:33'),
	(75, 3, 3, 1, '28353430', 'Task 99152307', '2023-07-03', '2023-10-15', 2, 3, 1, 59, 46, 'AP', 1, '2022-12-01 12:06:33', '2022-12-01 12:06:33'),
	(76, 10, 2, 4, '11268581', 'Task 69839832', '2023-06-18', '2023-08-13', 1, 2, 1, 44, 50, 'AP', 1, '2022-12-01 12:06:33', '2022-12-01 12:06:33'),
	(77, 15, 1, 14, '55276993', 'Task 21824395', '2023-03-17', '2023-11-30', 3, 3, 3, 13, 81, 'AP', 1, '2022-12-01 12:06:33', '2022-12-01 12:06:33'),
	(78, 6, 2, 1, '00357906', 'Task 71657783', '2023-05-22', '2023-10-25', 2, 2, 2, 30, 35, 'AP', 1, '2022-12-01 12:06:33', '2022-12-01 12:06:33'),
	(79, 3, 3, 15, '26205373', 'Task 04549925', '2022-12-04', '2023-07-09', 1, 3, 3, 58, 73, 'AP', 1, '2022-12-01 12:06:33', '2022-12-01 12:06:33'),
	(80, 1, 3, 5, '67502950', 'Task 18674071', '2022-12-19', '2023-10-15', 3, 1, 1, 46, 89, 'AP', 1, '2022-12-01 12:06:33', '2022-12-01 12:06:33'),
	(81, 15, 1, 5, '86789844', 'Task 09479302', '2022-12-08', '2023-08-12', 1, 1, 3, 30, 46, 'AP', 1, '2022-12-01 12:06:33', '2022-12-01 12:06:33'),
	(82, 15, 1, 8, '21658402', 'Task 97498070', '2023-06-14', '2023-07-07', 1, 2, 1, 51, 85, 'AP', 1, '2022-12-01 12:06:33', '2022-12-01 12:06:33'),
	(83, 6, 2, 9, '28872795', 'Task 91185150', '2023-07-20', '2023-10-16', 2, 3, 2, 70, 92, 'AP', 1, '2022-12-01 12:06:33', '2022-12-01 12:06:33'),
	(84, 14, 1, 18, '43679461', 'Task 15547453', '2023-08-16', '2023-10-31', 3, 2, 3, 37, 88, 'AP', 1, '2022-12-01 12:06:33', '2022-12-01 12:06:33'),
	(85, 7, 3, 5, '51338879', 'Task 07029387', '2023-06-26', '2023-11-30', 2, 2, 3, 97, 39, 'AP', 1, '2022-12-01 12:06:33', '2022-12-01 12:06:33'),
	(86, 5, 2, 12, '07334009', 'Task 21189739', '2023-07-17', '2023-09-08', 2, 1, 1, 79, 47, 'AP', 1, '2022-12-01 12:06:33', '2022-12-01 12:06:33'),
	(87, 3, 1, 17, '46293053', 'Task 81080052', '2023-09-03', '2023-06-29', 3, 3, 1, 46, 100, 'AP', 1, '2022-12-01 12:06:33', '2022-12-01 12:06:33'),
	(88, 18, 3, 10, '52265624', 'Task 24934510', '2022-12-21', '2023-06-08', 1, 1, 3, 89, 98, 'AP', 1, '2022-12-01 12:06:33', '2022-12-01 12:06:33'),
	(89, 19, 1, 2, '01038163', 'Task 23043336', '2023-04-22', '2023-07-02', 2, 1, 1, 30, 24, 'AP', 1, '2022-12-01 12:06:33', '2022-12-01 12:06:33'),
	(90, 16, 1, 18, '90576584', 'Task 67370702', '2023-05-15', '2023-10-02', 1, 2, 2, 49, 68, 'AP', 1, '2022-12-01 12:06:33', '2022-12-01 12:06:33'),
	(91, 4, 2, 5, '64196381', 'Task 84605719', '2023-10-01', '2023-09-22', 2, 2, 3, 28, 17, 'AP', 1, '2022-12-01 12:06:33', '2022-12-01 12:06:33'),
	(92, 7, 3, 1, '26926353', 'Task 91734341', '2023-01-05', '2023-10-13', 3, 1, 3, 42, 31, 'AP', 1, '2022-12-01 12:06:33', '2022-12-01 12:06:33'),
	(93, 1, 1, 19, '01995572', 'Task 28670773', '2023-04-25', '2023-09-12', 1, 3, 3, 51, 68, 'AP', 1, '2022-12-01 12:06:33', '2022-12-01 12:06:33'),
	(94, 10, 2, 3, '25578317', 'Task 70150018', '2023-10-07', '2023-07-04', 3, 3, 1, 45, 99, 'AP', 1, '2022-12-01 12:06:33', '2022-12-01 12:06:33'),
	(95, 6, 2, 12, '91870780', 'Task 83950162', '2023-03-28', '2023-08-20', 3, 3, 3, 53, 11, 'AP', 1, '2022-12-01 12:06:33', '2022-12-01 12:06:33'),
	(96, 2, 3, 8, '87863000', 'Task 65598887', '2023-06-12', '2023-06-02', 1, 1, 1, 80, 10, 'AP', 1, '2022-12-01 12:06:33', '2022-12-01 12:06:33'),
	(97, 5, 3, 10, '37876173', 'Task 38652066', '2023-06-17', '2023-10-20', 2, 2, 1, 45, 41, 'AP', 1, '2022-12-01 12:06:33', '2022-12-01 12:06:33'),
	(98, 17, 3, 4, '06414870', 'Task 05279852', '2023-08-30', '2023-07-31', 2, 2, 3, 38, 78, 'AP', 1, '2022-12-01 12:06:33', '2022-12-01 12:06:33'),
	(99, 5, 1, 8, '36014217', 'Task 84126511', '2023-08-17', '2023-11-15', 2, 1, 3, 88, 90, 'AP', 1, '2022-12-01 12:06:33', '2022-12-01 12:06:33'),
	(100, 16, 2, 7, '19468150', 'Task 45283369', '2023-11-29', '2023-06-27', 2, 1, 2, 45, 13, 'AP', 1, '2022-12-01 12:06:33', '2022-12-01 12:06:33'),
	(101, 13, 3, 1, '98944774', 'Task 07594786', '2023-08-08', '2023-08-05', 3, 1, 1, 52, 98, 'AP', 1, '2022-12-01 12:06:33', '2022-12-01 12:06:33'),
	(102, 17, 2, 5, '98228775', 'Task 29186327', '2022-12-09', '2023-09-07', 1, 3, 2, 30, 68, 'AP', 1, '2022-12-01 12:06:33', '2022-12-01 12:06:33'),
	(103, 18, 3, 12, '20901837', 'Task 19148656', '2023-01-17', '2023-11-10', 1, 3, 2, 27, 10, 'AP', 1, '2022-12-01 12:06:34', '2022-12-01 12:06:34'),
	(104, 2, 3, 7, '24976213', 'Task 94685244', '2023-11-24', '2023-11-09', 3, 3, 3, 67, 46, 'AP', 1, '2022-12-01 12:06:34', '2022-12-01 12:06:34'),
	(105, 11, 2, 16, '94641585', 'Task 06005139', '2023-04-25', '2023-07-31', 1, 1, 2, 66, 50, 'AP', 1, '2022-12-01 12:06:34', '2022-12-01 12:06:34'),
	(106, 7, 2, 5, '65764121', 'Task 64333694', '2023-04-02', '2023-10-03', 3, 1, 1, 48, 24, 'AP', 1, '2022-12-01 12:06:34', '2022-12-01 12:06:34'),
	(107, 15, 3, 7, '14033377', 'Task 90837128', '2023-02-15', '2023-08-20', 2, 2, 3, 81, 88, 'AP', 1, '2022-12-01 12:06:34', '2022-12-01 12:06:34'),
	(108, 4, 3, 17, '41772027', 'Task 65679784', '2023-08-21', '2023-06-26', 1, 1, 3, 21, 68, 'AP', 1, '2022-12-01 12:06:34', '2022-12-01 12:06:34'),
	(109, 20, 2, 17, '55451062', 'Task 74350889', '2023-08-16', '2023-07-06', 2, 1, 2, 28, 96, 'AP', 1, '2022-12-01 12:06:34', '2022-12-01 12:06:34'),
	(110, 8, 2, 3, '68223557', 'Task 29407606', '2023-02-21', '2023-06-05', 1, 1, 3, 80, 51, 'AP', 1, '2022-12-01 12:06:34', '2022-12-01 12:06:34'),
	(111, 3, 1, 5, '49723298', 'Task 27264232', '2023-11-20', '2023-10-28', 1, 2, 2, 56, 87, 'AP', 1, '2022-12-01 12:06:34', '2022-12-01 12:06:34'),
	(112, 10, 2, 6, '16845602', 'Task 33972756', '2023-07-24', '2023-10-04', 3, 3, 2, 100, 14, 'AP', 1, '2022-12-01 12:06:34', '2022-12-01 12:06:34'),
	(113, 9, 3, 2, '15436146', 'Task 65022610', '2023-08-27', '2023-07-19', 1, 1, 1, 44, 47, 'AP', 1, '2022-12-01 12:06:34', '2022-12-01 12:06:34'),
	(114, 12, 1, 16, '59486961', 'Task 43514526', '2023-04-26', '2023-07-14', 1, 3, 2, 10, 80, 'AP', 1, '2022-12-01 12:06:34', '2022-12-01 12:06:34'),
	(115, 14, 2, 17, '83274350', 'Task 91645579', '2022-12-30', '2023-06-18', 3, 1, 1, 71, 58, 'AP', 1, '2022-12-01 12:06:34', '2022-12-01 12:06:34'),
	(116, 13, 2, 11, '85154537', 'Task 75995133', '2023-03-03', '2023-11-04', 2, 1, 2, 62, 22, 'AP', 1, '2022-12-01 12:06:34', '2022-12-01 12:06:34'),
	(117, 4, 3, 10, '09159709', 'Task 95386454', '2023-03-25', '2023-06-23', 3, 3, 2, 21, 58, 'AP', 1, '2022-12-01 12:06:34', '2022-12-01 12:06:34'),
	(118, 3, 2, 7, '36309504', 'Task 03856833', '2023-04-06', '2023-08-17', 2, 3, 3, 14, 75, 'AP', 1, '2022-12-01 12:06:34', '2022-12-01 12:06:34'),
	(119, 5, 3, 10, '59835691', 'Task 08424273', '2023-11-10', '2023-11-20', 2, 3, 1, 49, 78, 'AP', 1, '2022-12-01 12:06:34', '2022-12-01 12:06:34'),
	(120, 2, 2, 6, '68371135', 'Task 61189959', '2023-05-22', '2023-07-22', 1, 3, 2, 29, 62, 'AP', 1, '2022-12-01 12:06:34', '2022-12-01 12:06:34'),
	(121, 4, 1, 16, '20745288', 'Task 38630194', '2023-05-06', '2023-11-28', 1, 2, 3, 52, 59, 'AP', 1, '2022-12-01 12:06:34', '2022-12-01 12:06:34'),
	(122, 7, 3, 4, '74666959', 'Task 52024634', '2023-04-20', '2023-07-24', 2, 1, 2, 23, 30, 'AP', 1, '2022-12-01 12:06:34', '2022-12-01 12:06:34'),
	(123, 11, 2, 5, '04838470', 'Task 24923460', '2023-06-19', '2023-09-04', 1, 2, 3, 18, 48, 'AP', 1, '2022-12-01 12:06:34', '2022-12-01 12:06:34'),
	(124, 5, 1, 9, '80712039', 'Task 28998556', '2023-07-11', '2023-11-06', 2, 2, 2, 39, 55, 'AP', 1, '2022-12-01 12:06:34', '2022-12-01 12:06:34'),
	(125, 19, 3, 12, '62352291', 'Task 89606797', '2023-10-01', '2023-08-16', 3, 3, 1, 92, 79, 'AP', 1, '2022-12-01 12:06:34', '2022-12-01 12:06:34'),
	(126, 6, 2, 12, '71539751', 'Task 70556889', '2023-02-28', '2023-07-27', 2, 3, 3, 77, 76, 'AP', 1, '2022-12-01 12:06:34', '2022-12-01 12:06:34'),
	(127, 17, 1, 5, '00369794', 'Task 53653970', '2023-01-22', '2023-09-15', 2, 1, 3, 77, 34, 'AP', 1, '2022-12-01 12:06:34', '2022-12-01 12:06:34'),
	(128, 3, 1, 13, '58230404', 'Task 08405609', '2023-07-14', '2023-09-24', 3, 2, 1, 47, 98, 'AP', 1, '2022-12-01 12:06:34', '2022-12-01 12:06:34'),
	(129, 2, 2, 8, '97949107', 'Task 86592062', '2023-02-24', '2023-10-31', 2, 3, 3, 18, 84, 'AP', 1, '2022-12-01 12:06:34', '2022-12-01 12:06:34'),
	(130, 14, 2, 4, '92478343', 'Task 72387603', '2023-07-04', '2023-11-17', 3, 2, 3, 61, 84, 'AP', 1, '2022-12-01 12:06:34', '2022-12-01 12:06:34'),
	(131, 17, 2, 13, '08917614', 'Task 48354509', '2023-09-03', '2023-09-25', 1, 2, 3, 67, 57, 'AP', 1, '2022-12-01 12:06:34', '2022-12-01 12:06:34'),
	(132, 16, 2, 16, '33067452', 'Task 60828675', '2023-05-28', '2023-11-28', 2, 2, 3, 20, 34, 'AP', 1, '2022-12-01 12:06:34', '2022-12-01 12:06:34'),
	(133, 1, 3, 3, '04147282', 'Task 36812196', '2023-08-15', '2023-10-05', 1, 1, 2, 29, 69, 'AP', 1, '2022-12-01 12:06:34', '2022-12-01 12:06:34'),
	(134, 12, 2, 3, '69950254', 'Task 21668173', '2023-02-28', '2023-09-20', 2, 2, 2, 35, 14, 'AP', 1, '2022-12-01 12:06:34', '2022-12-01 12:06:34'),
	(135, 12, 1, 9, '54383265', 'Task 25124644', '2023-10-19', '2023-06-07', 1, 3, 2, 62, 30, 'AP', 1, '2022-12-01 12:06:34', '2022-12-01 12:06:34'),
	(136, 1, 3, 8, '99734916', 'Task 36645473', '2023-02-18', '2023-06-28', 3, 2, 1, 61, 69, 'AP', 1, '2022-12-01 12:06:34', '2022-12-01 12:06:34'),
	(137, 1, 3, 17, '20935030', 'Task 80815433', '2023-06-01', '2023-06-23', 2, 2, 3, 39, 11, 'AP', 1, '2022-12-01 12:06:34', '2022-12-01 12:06:34'),
	(138, 19, 2, 19, '46524294', 'Task 75483241', '2023-08-08', '2023-07-12', 3, 1, 2, 77, 91, 'AP', 1, '2022-12-01 12:06:34', '2022-12-01 12:06:34'),
	(139, 19, 2, 2, '23516533', 'Task 75569457', '2022-12-26', '2023-10-25', 1, 2, 1, 49, 92, 'AP', 1, '2022-12-01 12:06:34', '2022-12-01 12:06:34'),
	(140, 10, 3, 1, '43342334', 'Task 88811024', '2023-10-01', '2023-09-27', 1, 3, 1, 14, 51, 'AP', 1, '2022-12-01 12:06:34', '2022-12-01 12:06:34'),
	(141, 8, 1, 7, '35280347', 'Task 91221025', '2023-05-05', '2023-09-14', 3, 2, 1, 20, 51, 'AP', 1, '2022-12-01 12:06:34', '2022-12-01 12:06:34'),
	(142, 17, 1, 2, '13562564', 'Task 03573051', '2022-12-25', '2023-06-10', 1, 3, 1, 94, 48, 'AP', 1, '2022-12-01 12:06:34', '2022-12-01 12:06:34'),
	(143, 17, 1, 5, '40362205', 'Task 44737702', '2023-10-16', '2023-08-02', 3, 2, 3, 53, 51, 'AP', 1, '2022-12-01 12:06:34', '2022-12-01 12:06:34'),
	(144, 11, 1, 4, '09493247', 'Task 46784025', '2023-09-04', '2023-06-25', 3, 3, 2, 13, 28, 'AP', 1, '2022-12-01 12:06:34', '2022-12-01 12:06:34'),
	(145, 20, 1, 15, '18656817', 'Task 89961865', '2023-04-11', '2023-08-01', 1, 3, 1, 74, 18, 'AP', 1, '2022-12-01 12:06:34', '2022-12-01 12:06:34'),
	(146, 16, 2, 11, '02716527', 'Task 02590578', '2023-04-26', '2023-07-01', 1, 2, 3, 10, 35, 'AP', 1, '2022-12-01 12:06:34', '2022-12-01 12:06:34'),
	(147, 13, 3, 14, '51785475', 'Task 34311349', '2023-10-13', '2023-07-27', 3, 3, 1, 14, 59, 'AP', 1, '2022-12-01 12:06:34', '2022-12-01 12:06:34'),
	(148, 20, 2, 13, '77206282', 'Task 65306833', '2023-07-31', '2023-10-21', 3, 3, 1, 22, 11, 'AP', 1, '2022-12-01 12:06:34', '2022-12-01 12:06:34'),
	(149, 16, 3, 20, '94049046', 'Task 62007382', '2023-10-25', '2023-11-21', 1, 3, 1, 54, 14, 'AP', 1, '2022-12-01 12:06:34', '2022-12-01 12:06:34'),
	(150, 12, 2, 3, '81836451', 'Task 24189682', '2023-08-02', '2023-08-12', 3, 1, 3, 29, 22, 'AP', 1, '2022-12-01 12:06:34', '2022-12-01 12:06:34'),
	(151, 11, 3, 12, '00196031', 'Task 94914429', '2023-05-01', '2023-06-14', 1, 3, 3, 51, 100, 'AP', 1, '2022-12-01 12:06:34', '2022-12-01 12:06:34'),
	(152, 16, 2, 18, '54250185', 'Task 08146373', '2023-02-03', '2023-08-06', 3, 1, 2, 29, 54, 'AP', 1, '2022-12-01 12:06:34', '2022-12-01 12:06:34'),
	(153, 7, 1, 4, '13862749', 'Task 93064750', '2023-10-07', '2023-10-13', 3, 3, 2, 91, 71, 'AP', 1, '2022-12-01 12:06:34', '2022-12-01 12:06:34'),
	(154, 7, 1, 17, '90153310', 'Task 81937851', '2023-05-14', '2023-09-25', 3, 1, 2, 81, 97, 'AP', 1, '2022-12-01 12:06:34', '2022-12-01 12:06:34'),
	(155, 4, 2, 3, '37744663', 'Task 35464655', '2023-05-15', '2023-09-06', 1, 2, 1, 62, 18, 'AP', 1, '2022-12-01 12:06:34', '2022-12-01 12:06:34'),
	(156, 12, 1, 11, '20972981', 'Task 26315942', '2023-06-15', '2023-09-06', 3, 1, 2, 53, 95, 'AP', 1, '2022-12-01 12:06:34', '2022-12-01 12:06:34'),
	(157, 15, 1, 9, '82856038', 'Task 09156913', '2023-08-28', '2023-08-18', 1, 3, 1, 88, 27, 'AP', 1, '2022-12-01 12:06:34', '2022-12-01 12:06:34'),
	(158, 11, 2, 19, '38605710', 'Task 73823605', '2023-09-22', '2023-06-04', 3, 2, 3, 98, 52, 'AP', 1, '2022-12-01 12:06:34', '2022-12-01 12:06:34'),
	(159, 19, 2, 3, '95052359', 'Task 22005618', '2023-11-10', '2023-07-31', 3, 3, 3, 70, 94, 'AP', 1, '2022-12-01 12:06:35', '2022-12-01 12:06:35'),
	(160, 7, 3, 19, '54725706', 'Task 99109363', '2023-08-01', '2023-10-15', 3, 1, 3, 76, 23, 'AP', 1, '2022-12-01 12:06:35', '2022-12-01 12:06:35'),
	(161, 17, 1, 10, '30116894', 'Task 29260218', '2023-10-24', '2023-06-20', 2, 3, 3, 48, 80, 'AP', 1, '2022-12-01 12:06:35', '2022-12-01 12:06:35'),
	(162, 14, 3, 11, '15676542', 'Task 09495821', '2023-07-09', '2023-11-07', 3, 2, 2, 100, 21, 'AP', 1, '2022-12-01 12:06:35', '2022-12-01 12:06:35'),
	(163, 12, 3, 8, '76614835', 'Task 14634376', '2023-03-11', '2023-10-08', 1, 2, 2, 42, 11, 'AP', 1, '2022-12-01 12:06:35', '2022-12-01 12:06:35'),
	(164, 20, 1, 6, '98849413', 'Task 70066616', '2023-08-08', '2023-10-09', 2, 3, 2, 11, 95, 'AP', 1, '2022-12-01 12:06:35', '2022-12-01 12:06:35'),
	(165, 1, 3, 16, '45248153', 'Task 17146340', '2023-06-12', '2023-09-09', 2, 2, 3, 76, 94, 'AP', 1, '2022-12-01 12:06:35', '2022-12-01 12:06:35'),
	(166, 16, 1, 18, '33273365', 'Task 76167874', '2023-04-19', '2023-09-12', 1, 1, 3, 57, 56, 'AP', 1, '2022-12-01 12:06:35', '2022-12-01 12:06:35'),
	(167, 11, 3, 14, '47260443', 'Task 13104481', '2023-01-01', '2023-06-19', 2, 3, 1, 41, 98, 'AP', 1, '2022-12-01 12:06:35', '2022-12-01 12:06:35'),
	(168, 3, 1, 17, '36856398', 'Task 03458051', '2023-10-10', '2023-08-29', 1, 2, 2, 81, 74, 'AP', 1, '2022-12-01 12:06:35', '2022-12-01 12:06:35'),
	(169, 9, 2, 17, '41185100', 'Task 47906716', '2023-01-24', '2023-06-04', 2, 2, 3, 97, 28, 'AP', 1, '2022-12-01 12:06:35', '2022-12-01 12:06:35'),
	(170, 4, 2, 19, '90778360', 'Task 22552440', '2023-09-02', '2023-07-28', 2, 3, 1, 23, 18, 'AP', 1, '2022-12-01 12:06:35', '2022-12-01 12:06:35'),
	(171, 10, 1, 18, '40564364', 'Task 35151272', '2023-01-07', '2023-09-09', 1, 3, 1, 79, 24, 'AP', 1, '2022-12-01 12:06:35', '2022-12-01 12:06:35'),
	(172, 14, 2, 15, '40667911', 'Task 46877314', '2023-01-06', '2023-10-17', 3, 1, 1, 56, 60, 'AP', 1, '2022-12-01 12:06:35', '2022-12-01 12:06:35'),
	(173, 6, 2, 14, '52762871', 'Task 76025389', '2023-05-15', '2023-10-04', 2, 2, 1, 96, 100, 'AP', 1, '2022-12-01 12:06:35', '2022-12-01 12:06:35'),
	(174, 17, 2, 12, '42514800', 'Task 39577917', '2023-06-11', '2023-08-14', 3, 2, 2, 98, 96, 'AP', 1, '2022-12-01 12:06:35', '2022-12-01 12:06:35'),
	(175, 6, 1, 9, '77257901', 'Task 62433549', '2023-08-08', '2023-07-03', 3, 2, 3, 34, 66, 'AP', 1, '2022-12-01 12:06:35', '2022-12-01 12:06:35'),
	(176, 1, 1, 7, '88207544', 'Task 64912684', '2023-02-09', '2023-10-14', 3, 2, 1, 49, 74, 'AP', 1, '2022-12-01 12:06:35', '2022-12-01 12:06:35'),
	(177, 6, 2, 18, '32328943', 'Task 17665766', '2023-10-13', '2023-09-05', 2, 2, 3, 49, 93, 'AP', 1, '2022-12-01 12:06:35', '2022-12-01 12:06:35'),
	(178, 10, 2, 16, '42972020', 'Task 68215798', '2023-04-14', '2023-06-02', 3, 2, 3, 19, 99, 'AP', 1, '2022-12-01 12:06:35', '2022-12-01 12:06:35'),
	(179, 11, 3, 20, '59992363', 'Task 60214478', '2022-12-16', '2023-09-03', 3, 2, 3, 36, 22, 'AP', 1, '2022-12-01 12:06:35', '2022-12-01 12:06:35'),
	(180, 8, 3, 5, '88669335', 'Task 10932124', '2023-06-22', '2023-09-27', 3, 1, 1, 66, 27, 'AP', 1, '2022-12-01 12:06:35', '2022-12-01 12:06:35'),
	(181, 19, 2, 10, '97493617', 'Task 69728440', '2023-06-21', '2023-07-17', 2, 2, 2, 55, 79, 'AP', 1, '2022-12-01 12:06:35', '2022-12-01 12:06:35'),
	(182, 7, 1, 6, '23404618', 'Task 99757144', '2023-10-18', '2023-07-24', 2, 2, 3, 78, 43, 'AP', 1, '2022-12-01 12:06:35', '2022-12-01 12:06:35'),
	(183, 3, 1, 8, '11959533', 'Task 40199627', '2023-03-25', '2023-06-05', 3, 3, 1, 21, 91, 'AP', 1, '2022-12-01 12:06:35', '2022-12-01 12:06:35'),
	(184, 8, 3, 19, '68055769', 'Task 05007721', '2023-10-02', '2023-10-25', 3, 2, 3, 35, 35, 'AP', 1, '2022-12-01 12:06:35', '2022-12-01 12:06:35'),
	(185, 15, 3, 7, '25177374', 'Task 84634696', '2023-08-20', '2023-10-24', 1, 3, 3, 68, 17, 'AP', 1, '2022-12-01 12:06:35', '2022-12-01 12:06:35'),
	(186, 17, 1, 20, '42590361', 'Task 78957640', '2023-02-26', '2023-06-26', 3, 2, 1, 46, 85, 'AP', 1, '2022-12-01 12:06:35', '2022-12-01 12:06:35'),
	(187, 17, 3, 2, '72352168', 'Task 61302419', '2023-04-18', '2023-11-02', 1, 3, 3, 40, 100, 'AP', 1, '2022-12-01 12:06:35', '2022-12-01 12:06:35'),
	(188, 4, 3, 18, '64452180', 'Task 04335528', '2023-03-05', '2023-06-01', 3, 2, 2, 18, 25, 'AP', 1, '2022-12-01 12:06:35', '2022-12-01 12:06:35'),
	(189, 6, 1, 20, '10441831', 'Task 15616500', '2023-10-14', '2023-06-12', 1, 3, 1, 62, 40, 'AP', 1, '2022-12-01 12:06:35', '2022-12-01 12:06:35'),
	(190, 7, 2, 18, '33654133', 'Task 85864771', '2023-04-09', '2023-06-23', 2, 3, 3, 57, 31, 'AP', 1, '2022-12-01 12:06:35', '2022-12-01 12:06:35'),
	(191, 10, 2, 14, '61440593', 'Task 00634168', '2023-01-27', '2023-10-30', 2, 3, 2, 27, 25, 'AP', 1, '2022-12-01 12:06:35', '2022-12-01 12:06:35'),
	(192, 4, 3, 5, '04507536', 'Task 87655476', '2023-10-12', '2023-11-03', 2, 2, 2, 33, 66, 'AP', 1, '2022-12-01 12:06:35', '2022-12-01 12:06:35'),
	(193, 6, 3, 17, '48725927', 'Task 86879583', '2023-04-26', '2023-06-15', 3, 2, 3, 56, 84, 'AP', 1, '2022-12-01 12:06:35', '2022-12-01 12:06:35'),
	(194, 9, 2, 17, '21987687', 'Task 39357106', '2023-02-19', '2023-07-28', 1, 3, 2, 93, 12, 'AP', 1, '2022-12-01 12:06:35', '2022-12-01 12:06:35'),
	(195, 1, 3, 17, '48128629', 'Task 08532084', '2022-12-01', '2023-09-02', 2, 3, 2, 19, 23, 'AP', 1, '2022-12-01 12:06:35', '2022-12-01 12:06:35'),
	(196, 3, 1, 14, '34585634', 'Task 16121645', '2023-04-13', '2023-10-12', 1, 3, 2, 42, 63, 'AP', 1, '2022-12-01 12:06:35', '2022-12-01 12:06:35'),
	(197, 14, 1, 20, '91994066', 'Task 33913322', '2023-05-31', '2023-07-18', 1, 1, 2, 74, 18, 'AP', 1, '2022-12-01 12:06:35', '2022-12-01 12:06:35'),
	(198, 20, 2, 18, '08341822', 'Task 39865014', '2023-07-30', '2023-06-27', 3, 2, 1, 61, 89, 'AP', 1, '2022-12-01 12:06:35', '2022-12-01 12:06:35'),
	(199, 7, 1, 15, '86867290', 'Task 89260180', '2023-11-01', '2023-11-14', 1, 1, 3, 87, 18, 'AP', 1, '2022-12-01 12:06:35', '2022-12-01 12:06:35'),
	(200, 20, 3, 10, '99524692', 'Task 62447751', '2023-04-24', '2023-09-13', 3, 1, 2, 57, 21, 'AP', 1, '2022-12-01 12:06:35', '2022-12-01 12:06:35'),
	(201, 16, 3, 14, '42896746', 'Task 22061188', '2023-11-28', '2023-11-04', 2, 1, 2, 83, 51, 'AP', 1, '2022-12-01 12:06:35', '2022-12-01 12:06:35'),
	(202, 9, 2, 7, '75843113', 'Task 47126176', '2023-04-07', '2023-07-26', 2, 3, 2, 98, 86, 'AP', 1, '2022-12-01 12:06:35', '2022-12-01 12:06:35'),
	(203, 11, 2, 19, '04435617', 'Task 11654223', '2023-08-01', '2023-09-03', 2, 3, 3, 54, 23, 'AP', 1, '2022-12-01 12:06:35', '2022-12-01 12:06:35'),
	(204, 8, 3, 2, '76941696', 'Task 37601799', '2023-11-06', '2023-11-20', 2, 1, 2, 36, 54, 'AP', 1, '2022-12-01 12:06:35', '2022-12-01 12:06:35'),
	(205, 3, 2, 6, '13268923', 'Task 36534869', '2023-05-28', '2023-06-26', 2, 3, 2, 29, 62, 'AP', 1, '2022-12-01 12:06:35', '2022-12-01 12:06:35'),
	(206, 20, 1, 9, '91318800', 'Task 32746495', '2023-02-12', '2023-10-20', 3, 1, 1, 38, 98, 'AP', 1, '2022-12-01 12:06:35', '2022-12-01 12:06:35'),
	(207, 8, 1, 7, '65141335', 'Task 21795060', '2023-01-12', '2023-08-26', 3, 2, 2, 73, 64, 'AP', 1, '2022-12-01 12:06:35', '2022-12-01 12:06:35'),
	(208, 16, 2, 15, '68155087', 'Task 58351413', '2023-04-29', '2023-09-20', 2, 1, 3, 19, 24, 'AP', 1, '2022-12-01 12:06:35', '2022-12-01 12:06:35'),
	(209, 6, 1, 5, '74071012', 'Task 72060858', '2023-10-21', '2023-06-15', 2, 3, 3, 50, 93, 'AP', 1, '2022-12-01 12:06:35', '2022-12-01 12:06:35'),
	(210, 16, 2, 9, '51031251', 'Task 22315229', '2023-06-04', '2023-11-07', 2, 2, 3, 67, 39, 'AP', 1, '2022-12-01 12:06:35', '2022-12-01 12:06:35'),
	(211, 7, 1, 1, '71812700', 'Task 72247495', '2023-05-21', '2023-08-22', 3, 1, 3, 64, 88, 'AP', 1, '2022-12-01 12:06:35', '2022-12-01 12:06:35'),
	(212, 18, 2, 20, '40499901', 'Task 14720352', '2023-11-26', '2023-10-09', 2, 3, 3, 32, 86, 'AP', 1, '2022-12-01 12:06:36', '2022-12-01 12:06:36'),
	(213, 3, 2, 5, '00551397', 'Task 27783993', '2023-04-09', '2023-11-01', 2, 1, 2, 29, 70, 'AP', 1, '2022-12-01 12:06:36', '2022-12-01 12:06:36'),
	(214, 13, 1, 18, '14782237', 'Task 42105121', '2022-12-31', '2023-10-07', 3, 2, 1, 38, 16, 'AP', 1, '2022-12-01 12:06:36', '2022-12-01 12:06:36'),
	(215, 7, 2, 6, '82629106', 'Task 49377484', '2023-05-11', '2023-11-30', 1, 2, 3, 12, 25, 'AP', 1, '2022-12-01 12:06:36', '2022-12-01 12:06:36'),
	(216, 9, 1, 4, '62800150', 'Task 40870946', '2023-09-11', '2023-07-11', 2, 2, 2, 61, 13, 'AP', 1, '2022-12-01 12:06:36', '2022-12-01 12:06:36'),
	(217, 16, 1, 7, '99335267', 'Task 59259626', '2023-09-24', '2023-09-03', 2, 1, 3, 66, 31, 'AP', 1, '2022-12-01 12:06:36', '2022-12-01 12:06:36'),
	(218, 20, 1, 15, '58682463', 'Task 48655859', '2023-11-14', '2023-08-04', 1, 1, 1, 25, 92, 'AP', 1, '2022-12-01 12:06:36', '2022-12-01 12:06:36'),
	(219, 10, 1, 17, '95263656', 'Task 27421611', '2023-01-16', '2023-07-11', 3, 1, 1, 51, 99, 'AP', 1, '2022-12-01 12:06:36', '2022-12-01 12:06:36'),
	(220, 13, 1, 5, '89504147', 'Task 04269342', '2023-01-22', '2023-11-02', 3, 2, 3, 92, 58, 'AP', 1, '2022-12-01 12:06:36', '2022-12-01 12:06:36'),
	(221, 1, 1, 4, '65963029', 'Task 29715251', '2023-06-16', '2023-07-30', 1, 1, 3, 96, 98, 'AP', 1, '2022-12-01 12:06:36', '2022-12-01 12:06:36'),
	(222, 19, 1, 8, '76120190', 'Task 71744742', '2023-04-29', '2023-06-18', 3, 3, 1, 91, 24, 'AP', 1, '2022-12-01 12:06:36', '2022-12-01 12:06:36'),
	(223, 2, 2, 18, '57402789', 'Task 50543533', '2023-06-25', '2023-10-31', 2, 1, 3, 83, 23, 'AP', 1, '2022-12-01 12:06:36', '2022-12-01 12:06:36'),
	(224, 6, 1, 16, '43132331', 'Task 65337066', '2023-11-14', '2023-08-26', 3, 2, 3, 20, 53, 'AP', 1, '2022-12-01 12:06:36', '2022-12-01 12:06:36'),
	(225, 5, 1, 17, '66030102', 'Task 80225430', '2023-09-07', '2023-07-14', 2, 1, 3, 60, 62, 'AP', 1, '2022-12-01 12:06:36', '2022-12-01 12:06:36'),
	(226, 14, 1, 6, '98502394', 'Task 07584466', '2023-07-06', '2023-10-23', 1, 2, 1, 17, 82, 'AP', 1, '2022-12-01 12:06:36', '2022-12-01 12:06:36'),
	(227, 2, 3, 8, '22002747', 'Task 08729118', '2023-06-10', '2023-07-22', 2, 1, 3, 71, 70, 'AP', 1, '2022-12-01 12:06:36', '2022-12-01 12:06:36'),
	(228, 3, 2, 11, '29419357', 'Task 56449600', '2023-02-21', '2023-09-23', 2, 2, 2, 89, 61, 'AP', 1, '2022-12-01 12:06:36', '2022-12-01 12:06:36'),
	(229, 12, 3, 13, '21395475', 'Task 19644578', '2022-12-10', '2023-11-23', 3, 3, 1, 10, 35, 'AP', 1, '2022-12-01 12:06:36', '2022-12-01 12:06:36'),
	(230, 15, 3, 15, '09103665', 'Task 13132460', '2023-08-02', '2023-09-26', 2, 3, 3, 65, 42, 'AP', 1, '2022-12-01 12:06:36', '2022-12-01 12:06:36'),
	(231, 11, 3, 19, '42034599', 'Task 11161936', '2023-07-11', '2023-07-03', 2, 1, 1, 36, 35, 'AP', 1, '2022-12-01 12:06:36', '2022-12-01 12:06:36'),
	(232, 18, 2, 3, '67582563', 'Task 58357484', '2023-04-29', '2023-08-07', 2, 3, 2, 68, 52, 'AP', 1, '2022-12-01 12:06:36', '2022-12-01 12:06:36'),
	(233, 2, 2, 9, '47128798', 'Task 32613070', '2023-07-31', '2023-10-20', 3, 2, 2, 68, 56, 'AP', 1, '2022-12-01 12:06:36', '2022-12-01 12:06:36'),
	(234, 9, 2, 14, '90599514', 'Task 46930477', '2023-06-04', '2023-08-25', 2, 1, 1, 95, 82, 'AP', 1, '2022-12-01 12:06:36', '2022-12-01 12:06:36'),
	(235, 20, 2, 9, '03623633', 'Task 29282418', '2023-03-14', '2023-11-29', 1, 1, 3, 75, 11, 'AP', 1, '2022-12-01 12:06:36', '2022-12-01 12:06:36'),
	(236, 2, 3, 4, '35057772', 'Task 53221193', '2023-05-17', '2023-11-10', 2, 3, 2, 33, 75, 'AP', 1, '2022-12-01 12:06:36', '2022-12-01 12:06:36'),
	(237, 4, 1, 16, '26883946', 'Task 99877002', '2023-11-10', '2023-08-02', 2, 1, 2, 55, 10, 'AP', 1, '2022-12-01 12:06:36', '2022-12-01 12:06:36'),
	(238, 17, 1, 20, '02669632', 'Task 12332892', '2023-04-17', '2023-06-13', 1, 2, 1, 49, 90, 'AP', 1, '2022-12-01 12:06:36', '2022-12-01 12:06:36'),
	(239, 7, 1, 7, '01710236', 'Task 96409855', '2023-03-25', '2023-10-10', 3, 3, 2, 79, 26, 'AP', 1, '2022-12-01 12:06:36', '2022-12-01 12:06:36'),
	(240, 1, 3, 1, '72392713', 'Task 67868148', '2023-04-27', '2023-07-23', 1, 3, 2, 89, 97, 'AP', 1, '2022-12-01 12:06:36', '2022-12-01 12:06:36'),
	(241, 8, 1, 6, '03859414', 'Task 35026082', '2023-09-30', '2023-07-15', 2, 1, 2, 30, 36, 'AP', 1, '2022-12-01 12:06:36', '2022-12-01 12:06:36'),
	(242, 9, 3, 8, '51653637', 'Task 43091898', '2023-05-16', '2023-11-15', 1, 2, 1, 50, 94, 'AP', 1, '2022-12-01 12:06:36', '2022-12-01 12:06:36'),
	(243, 5, 1, 17, '92942318', 'Task 94982015', '2023-02-10', '2023-08-13', 3, 1, 3, 46, 52, 'AP', 1, '2022-12-01 12:06:36', '2022-12-01 12:06:36'),
	(244, 11, 1, 17, '87413113', 'Task 61983922', '2022-12-02', '2023-08-11', 1, 1, 3, 89, 87, 'AP', 1, '2022-12-01 12:06:36', '2022-12-01 12:06:36'),
	(245, 16, 1, 9, '11970828', 'Task 17563819', '2023-10-05', '2023-10-14', 2, 2, 1, 98, 16, 'AP', 1, '2022-12-01 12:06:36', '2022-12-01 12:06:36'),
	(246, 18, 1, 9, '20519933', 'Task 77174079', '2023-10-10', '2023-11-13', 3, 2, 3, 39, 11, 'AP', 1, '2022-12-01 12:06:36', '2022-12-01 12:06:36'),
	(247, 14, 2, 6, '90132162', 'Task 95032252', '2023-02-20', '2023-07-12', 2, 3, 2, 97, 18, 'AP', 1, '2022-12-01 12:06:36', '2022-12-01 12:06:36'),
	(248, 13, 3, 3, '53698025', 'Task 30164420', '2023-04-25', '2023-11-12', 3, 2, 2, 87, 30, 'AP', 1, '2022-12-01 12:06:36', '2022-12-01 12:06:36'),
	(249, 4, 3, 20, '03235331', 'Task 90877476', '2023-05-05', '2023-08-30', 3, 2, 2, 24, 65, 'AP', 1, '2022-12-01 12:06:36', '2022-12-01 12:06:36'),
	(250, 15, 1, 16, '70266641', 'Task 77027382', '2023-11-26', '2023-10-03', 3, 3, 1, 39, 82, 'AP', 1, '2022-12-01 12:06:36', '2022-12-01 12:06:36'),
	(251, 14, 2, 2, '54198715', 'Task 01640823', '2023-04-01', '2023-10-30', 3, 2, 1, 70, 49, 'AP', 1, '2022-12-01 12:06:36', '2022-12-01 12:06:36'),
	(252, 11, 3, 19, '77686763', 'Task 41564257', '2023-08-11', '2023-07-03', 2, 3, 3, 58, 36, 'AP', 1, '2022-12-01 12:06:36', '2022-12-01 12:06:36'),
	(253, 1, 2, 1, '00083331', 'Task 97564980', '2023-02-25', '2023-10-30', 3, 3, 1, 69, 95, 'AP', 1, '2022-12-01 12:06:36', '2022-12-01 12:06:36'),
	(254, 13, 3, 14, '49097641', 'Task 56537017', '2023-10-19', '2023-09-16', 1, 1, 3, 46, 27, 'AP', 1, '2022-12-01 12:06:36', '2022-12-01 12:06:36'),
	(255, 7, 3, 9, '15746337', 'Task 61854512', '2023-02-08', '2023-07-18', 2, 1, 3, 56, 64, 'AP', 1, '2022-12-01 12:06:36', '2022-12-01 12:06:36'),
	(256, 8, 1, 19, '04297185', 'Task 68053956', '2023-01-20', '2023-08-30', 2, 1, 1, 75, 68, 'AP', 1, '2022-12-01 12:06:36', '2022-12-01 12:06:36'),
	(257, 19, 3, 20, '44461607', 'Task 79455756', '2022-12-10', '2023-06-10', 2, 2, 2, 19, 53, 'AP', 1, '2022-12-01 12:06:36', '2022-12-01 12:06:36'),
	(258, 18, 1, 2, '90557422', 'Task 70814569', '2023-08-12', '2023-07-25', 2, 3, 1, 88, 60, 'AP', 1, '2022-12-01 12:06:36', '2022-12-01 12:06:36'),
	(259, 1, 3, 8, '27910467', 'Task 72101094', '2023-06-10', '2023-06-13', 1, 1, 1, 97, 45, 'AP', 1, '2022-12-01 12:06:36', '2022-12-01 12:06:36'),
	(260, 9, 3, 2, '49228717', 'Task 14407543', '2023-01-24', '2023-08-28', 1, 2, 2, 85, 59, 'AP', 1, '2022-12-01 12:06:36', '2022-12-01 12:06:36'),
	(261, 16, 3, 4, '85299115', 'Task 63533583', '2023-11-23', '2023-09-06', 2, 3, 3, 15, 30, 'AP', 1, '2022-12-01 12:06:37', '2022-12-01 12:06:37'),
	(262, 10, 3, 11, '21836312', 'Task 68052676', '2023-09-12', '2023-11-27', 1, 1, 2, 89, 51, 'AP', 1, '2022-12-01 12:06:37', '2022-12-01 12:06:37'),
	(263, 12, 1, 7, '06060039', 'Task 29676309', '2023-05-24', '2023-06-26', 3, 1, 3, 23, 13, 'AP', 1, '2022-12-01 12:06:37', '2022-12-01 12:06:37'),
	(264, 10, 1, 11, '60052063', 'Task 42082705', '2023-01-27', '2023-06-07', 3, 1, 1, 48, 32, 'AP', 1, '2022-12-01 12:06:37', '2022-12-01 12:06:37'),
	(265, 11, 2, 16, '72597811', 'Task 86323239', '2023-08-03', '2023-06-29', 2, 2, 1, 100, 70, 'AP', 1, '2022-12-01 12:06:37', '2022-12-01 12:06:37'),
	(266, 12, 2, 16, '81113057', 'Task 16252523', '2023-07-10', '2023-08-10', 3, 2, 2, 82, 22, 'AP', 1, '2022-12-01 12:06:37', '2022-12-01 12:06:37'),
	(267, 16, 1, 18, '50675814', 'Task 18166217', '2023-06-01', '2023-06-11', 1, 3, 3, 55, 87, 'AP', 1, '2022-12-01 12:06:37', '2022-12-01 12:06:37'),
	(268, 4, 2, 13, '60252630', 'Task 11366942', '2023-09-18', '2023-11-15', 1, 2, 3, 70, 88, 'AP', 1, '2022-12-01 12:06:37', '2022-12-01 12:06:37'),
	(269, 11, 1, 5, '42690535', 'Task 88381473', '2023-06-19', '2023-07-26', 1, 1, 2, 31, 60, 'AP', 1, '2022-12-01 12:06:37', '2022-12-01 12:06:37'),
	(270, 2, 2, 1, '53703606', 'Task 59094838', '2023-04-22', '2023-06-16', 1, 1, 1, 24, 82, 'AP', 1, '2022-12-01 12:06:37', '2022-12-01 12:06:37'),
	(271, 2, 2, 14, '96190128', 'Task 37555504', '2023-01-30', '2023-08-04', 3, 1, 1, 56, 12, 'AP', 1, '2022-12-01 12:06:37', '2022-12-01 12:06:37'),
	(272, 11, 1, 13, '48491891', 'Task 74499441', '2023-07-23', '2023-06-08', 3, 2, 3, 67, 51, 'AP', 1, '2022-12-01 12:06:37', '2022-12-01 12:06:37'),
	(273, 16, 3, 14, '94474107', 'Task 44516420', '2023-06-25', '2023-09-06', 1, 2, 1, 73, 88, 'AP', 1, '2022-12-01 12:06:37', '2022-12-01 12:06:37'),
	(274, 3, 3, 17, '75176907', 'Task 64192208', '2023-03-24', '2023-07-01', 2, 2, 1, 26, 21, 'AP', 1, '2022-12-01 12:06:37', '2022-12-01 12:06:37'),
	(275, 12, 2, 20, '64713502', 'Task 53527318', '2023-07-28', '2023-08-26', 1, 3, 1, 21, 76, 'AP', 1, '2022-12-01 12:06:37', '2022-12-01 12:06:37'),
	(276, 15, 2, 10, '11588108', 'Task 26221595', '2023-03-06', '2023-06-30', 1, 1, 2, 72, 21, 'AP', 1, '2022-12-01 12:06:37', '2022-12-01 12:06:37'),
	(277, 3, 1, 4, '52639166', 'Task 17508865', '2023-10-17', '2023-11-26', 3, 2, 1, 96, 67, 'AP', 1, '2022-12-01 12:06:37', '2022-12-01 12:06:37'),
	(278, 4, 2, 18, '57919218', 'Task 22781680', '2023-11-16', '2023-06-06', 1, 1, 2, 56, 51, 'AP', 1, '2022-12-01 12:06:37', '2022-12-01 12:06:37'),
	(279, 19, 1, 3, '26727769', 'Task 73336754', '2022-12-06', '2023-11-07', 2, 1, 2, 26, 48, 'AP', 1, '2022-12-01 12:06:37', '2022-12-01 12:06:37'),
	(280, 4, 2, 18, '94578935', 'Task 76531927', '2023-08-21', '2023-10-01', 2, 2, 1, 21, 32, 'AP', 1, '2022-12-01 12:06:37', '2022-12-01 12:06:37'),
	(281, 16, 2, 19, '35883265', 'Task 78059498', '2022-12-28', '2023-07-19', 3, 3, 2, 15, 48, 'AP', 1, '2022-12-01 12:06:37', '2022-12-01 12:06:37'),
	(282, 3, 1, 18, '12411368', 'Task 30181083', '2023-04-13', '2023-08-28', 3, 2, 3, 30, 17, 'AP', 1, '2022-12-01 12:06:37', '2022-12-01 12:06:37'),
	(283, 4, 3, 13, '84420275', 'Task 55705622', '2023-01-25', '2023-09-16', 2, 2, 2, 86, 80, 'AP', 1, '2022-12-01 12:06:37', '2022-12-01 12:06:37'),
	(284, 1, 3, 16, '48753395', 'Task 77336026', '2023-04-23', '2023-11-09', 2, 2, 1, 36, 100, 'AP', 1, '2022-12-01 12:06:37', '2022-12-01 12:06:37'),
	(285, 6, 3, 13, '33730271', 'Task 20654665', '2023-05-24', '2023-08-03', 1, 1, 3, 21, 44, 'AP', 1, '2022-12-01 12:06:37', '2022-12-01 12:06:37'),
	(286, 13, 3, 8, '12898862', 'Task 87177305', '2023-04-14', '2023-11-12', 1, 2, 2, 55, 61, 'AP', 1, '2022-12-01 12:06:37', '2022-12-01 12:06:37'),
	(287, 15, 3, 11, '69187261', 'Task 88239972', '2023-06-05', '2023-07-14', 2, 3, 1, 90, 78, 'AP', 1, '2022-12-01 12:06:37', '2022-12-01 12:06:37'),
	(288, 14, 3, 12, '69826443', 'Task 92061705', '2023-10-16', '2023-11-16', 3, 2, 1, 69, 37, 'AP', 1, '2022-12-01 12:06:37', '2022-12-01 12:06:37'),
	(289, 18, 3, 18, '19879505', 'Task 37111410', '2023-11-03', '2023-10-15', 3, 2, 2, 100, 83, 'AP', 1, '2022-12-01 12:06:37', '2022-12-01 12:06:37'),
	(290, 9, 2, 1, '61296459', 'Task 08106018', '2023-05-23', '2023-11-04', 2, 1, 1, 16, 23, 'AP', 1, '2022-12-01 12:06:37', '2022-12-01 12:06:37'),
	(291, 9, 1, 7, '03274965', 'Task 82147389', '2023-01-29', '2023-07-12', 3, 3, 2, 79, 85, 'AP', 1, '2022-12-01 12:06:37', '2022-12-01 12:06:37'),
	(292, 9, 2, 10, '91460387', 'Task 47355927', '2023-06-14', '2023-07-04', 1, 1, 2, 40, 43, 'AP', 1, '2022-12-01 12:06:37', '2022-12-01 12:06:37'),
	(293, 3, 2, 11, '08417176', 'Task 66190516', '2023-03-11', '2023-10-19', 3, 2, 2, 24, 28, 'AP', 1, '2022-12-01 12:06:37', '2022-12-01 12:06:37'),
	(294, 3, 2, 9, '35055884', 'Task 17839310', '2023-03-25', '2023-09-25', 2, 2, 1, 76, 72, 'AP', 1, '2022-12-01 12:06:37', '2022-12-01 12:06:37'),
	(295, 12, 1, 14, '03643679', 'Task 59688884', '2023-08-12', '2023-08-13', 1, 1, 1, 80, 48, 'AP', 1, '2022-12-01 12:06:37', '2022-12-01 12:06:37'),
	(296, 11, 1, 7, '85443907', 'Task 81707102', '2023-01-15', '2023-08-14', 3, 2, 1, 10, 80, 'AP', 1, '2022-12-01 12:06:37', '2022-12-01 12:06:37'),
	(297, 16, 1, 7, '15352590', 'Task 26633442', '2023-02-09', '2023-07-03', 3, 3, 3, 69, 35, 'AP', 1, '2022-12-01 12:06:37', '2022-12-01 12:06:37'),
	(298, 7, 1, 16, '26364070', 'Task 31617130', '2022-12-19', '2023-09-11', 2, 2, 2, 94, 91, 'AP', 1, '2022-12-01 12:06:37', '2022-12-01 12:06:37'),
	(299, 9, 1, 17, '12044528', 'Task 53614209', '2023-04-08', '2023-07-27', 2, 2, 2, 99, 36, 'AP', 1, '2022-12-01 12:06:37', '2022-12-01 12:06:37'),
	(300, 8, 2, 16, '35437772', 'Task 45267239', '2023-04-10', '2023-08-28', 1, 2, 2, 83, 76, 'AP', 1, '2022-12-01 12:06:37', '2022-12-01 12:06:37'),
	(301, 11, 1, 15, '93588485', 'Task 65933497', '2023-05-29', '2023-09-13', 3, 2, 1, 78, 69, 'AP', 1, '2022-12-01 12:06:37', '2022-12-01 12:06:37'),
	(302, 7, 3, 10, '11663119', 'Task 04940326', '2023-05-17', '2023-07-11', 2, 3, 3, 60, 25, 'AP', 1, '2022-12-01 12:06:37', '2022-12-01 12:06:37'),
	(303, 14, 2, 16, '77000705', 'Task 35213505', '2022-12-22', '2023-06-27', 1, 2, 1, 21, 17, 'AP', 1, '2022-12-01 12:06:37', '2022-12-01 12:06:37'),
	(304, 16, 3, 20, '79314497', 'Task 02024943', '2023-08-09', '2023-09-12', 3, 3, 2, 23, 73, 'AP', 1, '2022-12-01 12:06:37', '2022-12-01 12:06:37'),
	(305, 13, 1, 2, '57307107', 'Task 74678785', '2023-04-27', '2023-10-07', 3, 1, 2, 39, 61, 'AP', 1, '2022-12-01 12:06:37', '2022-12-01 12:06:37'),
	(306, 13, 2, 6, '54892910', 'Task 34441909', '2023-07-25', '2023-09-18', 2, 1, 3, 60, 44, 'AP', 1, '2022-12-01 12:06:37', '2022-12-01 12:06:37'),
	(307, 1, 2, 3, '06938581', 'Task 46207289', '2023-09-18', '2023-06-28', 3, 3, 1, 71, 71, 'AP', 1, '2022-12-01 12:06:37', '2022-12-01 12:06:37'),
	(308, 8, 2, 6, '28245216', 'Task 28761242', '2023-08-02', '2023-10-03', 3, 3, 3, 68, 34, 'AP', 1, '2022-12-01 12:06:37', '2022-12-01 12:06:37'),
	(309, 7, 1, 18, '79226950', 'Task 19067896', '2023-03-12', '2023-11-10', 1, 1, 1, 46, 69, 'AP', 1, '2022-12-01 12:06:37', '2022-12-01 12:06:37'),
	(310, 3, 2, 20, '01890594', 'Task 20794743', '2022-12-20', '2023-10-17', 3, 3, 1, 67, 51, 'AP', 1, '2022-12-01 12:06:37', '2022-12-01 12:06:37'),
	(311, 3, 3, 1, '19426310', 'Task 80523598', '2023-07-22', '2023-09-18', 2, 1, 2, 35, 86, 'AP', 1, '2022-12-01 12:06:37', '2022-12-01 12:06:37'),
	(312, 16, 3, 9, '93645751', 'Task 02226965', '2023-01-15', '2023-10-19', 3, 3, 3, 28, 39, 'AP', 1, '2022-12-01 12:06:37', '2022-12-01 12:06:37'),
	(313, 18, 2, 6, '59125846', 'Task 52172021', '2023-06-05', '2023-06-14', 3, 1, 1, 74, 50, 'AP', 1, '2022-12-01 12:06:38', '2022-12-01 12:06:38'),
	(314, 12, 1, 8, '48519373', 'Task 66297482', '2023-07-08', '2023-11-22', 3, 1, 2, 19, 92, 'AP', 1, '2022-12-01 12:06:38', '2022-12-01 12:06:38'),
	(315, 19, 2, 18, '32300468', 'Task 31291064', '2023-04-18', '2023-09-19', 3, 2, 2, 25, 13, 'AP', 1, '2022-12-01 12:06:38', '2022-12-01 12:06:38'),
	(316, 9, 3, 17, '55683661', 'Task 27642399', '2023-03-19', '2023-09-05', 2, 2, 2, 27, 99, 'AP', 1, '2022-12-01 12:06:38', '2022-12-01 12:06:38'),
	(317, 20, 1, 15, '57608013', 'Task 66254416', '2023-02-19', '2023-10-15', 3, 1, 1, 89, 22, 'AP', 1, '2022-12-01 12:06:38', '2022-12-01 12:06:38'),
	(318, 18, 3, 15, '34282007', 'Task 50997411', '2023-08-10', '2023-09-17', 1, 1, 1, 37, 30, 'AP', 1, '2022-12-01 12:06:38', '2022-12-01 12:06:38'),
	(319, 18, 3, 16, '99253592', 'Task 00030625', '2023-04-14', '2023-10-21', 3, 3, 3, 73, 89, 'AP', 1, '2022-12-01 12:06:38', '2022-12-01 12:06:38'),
	(320, 14, 2, 11, '47233911', 'Task 75969073', '2023-01-29', '2023-10-10', 1, 1, 1, 41, 28, 'AP', 1, '2022-12-01 12:06:38', '2022-12-01 12:06:38'),
	(321, 20, 3, 8, '72701201', 'Task 40023243', '2023-06-05', '2023-11-17', 2, 1, 1, 100, 84, 'AP', 1, '2022-12-01 12:06:38', '2022-12-01 12:06:38'),
	(322, 13, 1, 12, '40519388', 'Task 23242883', '2023-08-31', '2023-09-28', 3, 3, 1, 68, 56, 'AP', 1, '2022-12-01 12:06:38', '2022-12-01 12:06:38'),
	(323, 12, 2, 12, '14319280', 'Task 73753353', '2023-03-30', '2023-06-21', 2, 3, 2, 61, 75, 'AP', 1, '2022-12-01 12:06:38', '2022-12-01 12:06:38'),
	(324, 12, 1, 10, '73095316', 'Task 99986391', '2023-09-30', '2023-07-21', 3, 1, 3, 16, 65, 'AP', 1, '2022-12-01 12:06:38', '2022-12-01 12:06:38'),
	(325, 11, 1, 1, '72628997', 'Task 52157608', '2023-09-04', '2023-10-20', 2, 1, 2, 75, 84, 'AP', 1, '2022-12-01 12:06:38', '2022-12-01 12:06:38'),
	(326, 3, 1, 19, '22430069', 'Task 61086425', '2023-11-26', '2023-08-21', 1, 2, 2, 70, 55, 'AP', 1, '2022-12-01 12:06:38', '2022-12-01 12:06:38'),
	(327, 19, 1, 3, '84010674', 'Task 25538410', '2023-05-10', '2023-11-16', 2, 1, 3, 100, 46, 'AP', 1, '2022-12-01 12:06:38', '2022-12-01 12:06:38'),
	(328, 8, 1, 13, '76210280', 'Task 89201848', '2023-10-26', '2023-11-22', 3, 2, 2, 60, 33, 'AP', 1, '2022-12-01 12:06:38', '2022-12-01 12:06:38'),
	(329, 16, 3, 13, '64173511', 'Task 51570552', '2023-10-18', '2023-10-20', 1, 1, 3, 49, 61, 'AP', 1, '2022-12-01 12:06:38', '2022-12-01 12:06:38'),
	(330, 19, 1, 8, '13408411', 'Task 21988196', '2023-11-23', '2023-07-19', 1, 3, 1, 44, 34, 'AP', 1, '2022-12-01 12:06:38', '2022-12-01 12:06:38'),
	(331, 4, 3, 9, '14242144', 'Task 08651921', '2023-11-20', '2023-11-30', 3, 2, 3, 68, 89, 'AP', 1, '2022-12-01 12:06:38', '2022-12-01 12:06:38'),
	(332, 3, 3, 12, '05129997', 'Task 09792302', '2022-12-24', '2023-07-12', 3, 2, 1, 82, 20, 'AP', 1, '2022-12-01 12:06:38', '2022-12-01 12:06:38'),
	(333, 4, 2, 20, '57483146', 'Task 09446557', '2023-09-03', '2023-06-19', 3, 3, 3, 63, 65, 'AP', 1, '2022-12-01 12:06:38', '2022-12-01 12:06:38'),
	(334, 13, 3, 20, '36770403', 'Task 85861992', '2023-10-31', '2023-07-02', 1, 3, 2, 57, 44, 'AP', 1, '2022-12-01 12:06:38', '2022-12-01 12:06:38'),
	(335, 1, 3, 7, '19726632', 'Task 48907125', '2023-07-15', '2023-06-21', 3, 2, 1, 50, 92, 'AP', 1, '2022-12-01 12:06:38', '2022-12-01 12:06:38'),
	(336, 13, 1, 17, '15374974', 'Task 93662314', '2023-03-02', '2023-07-05', 1, 1, 3, 34, 14, 'AP', 1, '2022-12-01 12:06:38', '2022-12-01 12:06:38'),
	(337, 4, 1, 11, '04584957', 'Task 39831231', '2023-01-23', '2023-06-09', 1, 2, 3, 82, 92, 'AP', 1, '2022-12-01 12:06:38', '2022-12-01 12:06:38'),
	(338, 7, 1, 14, '61575608', 'Task 51060640', '2023-05-14', '2023-06-01', 1, 3, 2, 54, 36, 'AP', 1, '2022-12-01 12:06:38', '2022-12-01 12:06:38'),
	(339, 13, 2, 2, '60036964', 'Task 74002634', '2023-03-27', '2023-07-19', 2, 2, 3, 83, 80, 'AP', 1, '2022-12-01 12:06:38', '2022-12-01 12:06:38'),
	(340, 8, 3, 17, '14237263', 'Task 09761643', '2023-03-06', '2023-11-09', 2, 3, 2, 55, 69, 'AP', 1, '2022-12-01 12:06:38', '2022-12-01 12:06:38'),
	(341, 18, 2, 3, '65112960', 'Task 96041154', '2023-07-31', '2023-08-30', 1, 2, 1, 40, 51, 'AP', 1, '2022-12-01 12:06:38', '2022-12-01 12:06:38'),
	(342, 18, 1, 19, '94731958', 'Task 00585491', '2022-12-01', '2023-06-25', 1, 3, 1, 50, 71, 'AP', 1, '2022-12-01 12:06:38', '2022-12-01 12:06:38'),
	(343, 20, 2, 1, '81578665', 'Task 23730717', '2023-09-08', '2023-07-30', 1, 3, 1, 45, 66, 'AP', 1, '2022-12-01 12:06:38', '2022-12-01 12:06:38'),
	(344, 19, 2, 4, '52856860', 'Task 33911625', '2023-01-10', '2023-11-13', 3, 2, 2, 78, 89, 'AP', 1, '2022-12-01 12:06:38', '2022-12-01 12:06:38'),
	(345, 18, 1, 20, '91321510', 'Task 01857917', '2023-01-11', '2023-10-17', 3, 1, 3, 64, 17, 'AP', 1, '2022-12-01 12:06:38', '2022-12-01 12:06:38'),
	(346, 5, 1, 14, '64875644', 'Task 30334038', '2023-03-22', '2023-10-15', 3, 1, 1, 33, 91, 'AP', 1, '2022-12-01 12:06:38', '2022-12-01 12:06:38'),
	(347, 12, 2, 15, '01711998', 'Task 31745949', '2023-07-21', '2023-06-09', 2, 3, 1, 29, 77, 'AP', 1, '2022-12-01 12:06:38', '2022-12-01 12:06:38'),
	(348, 7, 1, 19, '59190196', 'Task 37772857', '2023-03-19', '2023-10-17', 2, 2, 2, 33, 33, 'AP', 1, '2022-12-01 12:06:38', '2022-12-01 12:06:38'),
	(349, 5, 1, 4, '57314334', 'Task 45446894', '2023-11-11', '2023-07-19', 3, 1, 2, 86, 60, 'AP', 1, '2022-12-01 12:06:38', '2022-12-01 12:06:38'),
	(350, 15, 1, 3, '25391619', 'Task 64570761', '2023-11-23', '2023-09-12', 3, 3, 3, 55, 78, 'AP', 1, '2022-12-01 12:06:38', '2022-12-01 12:06:38'),
	(351, 18, 1, 13, '92402461', 'Task 53958402', '2023-05-31', '2023-08-23', 1, 2, 3, 58, 76, 'AP', 1, '2022-12-01 12:06:38', '2022-12-01 12:06:38'),
	(352, 12, 2, 3, '64615981', 'Task 08355386', '2023-04-10', '2023-10-13', 2, 2, 3, 21, 41, 'AP', 1, '2022-12-01 12:06:38', '2022-12-01 12:06:38'),
	(353, 4, 3, 1, '30239357', 'Task 29667727', '2023-05-14', '2023-08-04', 3, 2, 1, 42, 81, 'AP', 1, '2022-12-01 12:06:38', '2022-12-01 12:06:38'),
	(354, 5, 1, 14, '27988268', 'Task 89978450', '2023-07-22', '2023-09-30', 3, 1, 1, 34, 63, 'AP', 1, '2022-12-01 12:06:38', '2022-12-01 12:06:38'),
	(355, 9, 3, 12, '34437735', 'Task 24473187', '2023-07-05', '2023-11-18', 1, 1, 2, 23, 86, 'AP', 1, '2022-12-01 12:06:38', '2022-12-01 12:06:38'),
	(356, 8, 3, 9, '96961544', 'Task 88965536', '2023-02-15', '2023-07-21', 1, 3, 3, 56, 42, 'AP', 1, '2022-12-01 12:06:38', '2022-12-01 12:06:38'),
	(357, 16, 1, 4, '67433902', 'Task 78127746', '2023-04-13', '2023-11-29', 2, 1, 1, 12, 39, 'AP', 1, '2022-12-01 12:06:38', '2022-12-01 12:06:38'),
	(358, 2, 2, 1, '23796638', 'Task 26029818', '2023-01-11', '2023-09-13', 2, 1, 3, 93, 57, 'AP', 1, '2022-12-01 12:06:38', '2022-12-01 12:06:38'),
	(359, 3, 3, 18, '65452899', 'Task 05383061', '2023-01-22', '2023-09-28', 1, 1, 3, 37, 43, 'AP', 1, '2022-12-01 12:06:38', '2022-12-01 12:06:38'),
	(360, 2, 2, 2, '88174341', 'Task 15332448', '2023-08-07', '2023-08-15', 3, 2, 1, 34, 95, 'AP', 1, '2022-12-01 12:06:38', '2022-12-01 12:06:38'),
	(361, 1, 2, 6, '90111754', 'Task 56226867', '2023-03-16', '2023-11-20', 2, 3, 3, 56, 20, 'AP', 1, '2022-12-01 12:06:38', '2022-12-01 12:06:38'),
	(362, 6, 2, 2, '66633327', 'Task 49554892', '2023-07-08', '2023-08-10', 2, 2, 1, 41, 26, 'AP', 1, '2022-12-01 12:06:38', '2022-12-01 12:06:38'),
	(363, 1, 3, 8, '32925982', 'Task 69246807', '2023-09-12', '2023-07-30', 2, 1, 2, 93, 33, 'AP', 1, '2022-12-01 12:06:38', '2022-12-01 12:06:38'),
	(364, 18, 2, 4, '51733025', 'Task 98143740', '2023-10-11', '2023-09-18', 3, 2, 1, 51, 11, 'AP', 1, '2022-12-01 12:06:39', '2022-12-01 12:06:39'),
	(365, 13, 1, 6, '27750438', 'Task 48023337', '2022-12-05', '2023-06-17', 1, 1, 1, 70, 78, 'AP', 1, '2022-12-01 12:06:39', '2022-12-01 12:06:39'),
	(366, 9, 3, 19, '79068130', 'Task 99436544', '2023-06-11', '2023-06-19', 1, 3, 1, 62, 12, 'AP', 1, '2022-12-01 12:06:39', '2022-12-01 12:06:39'),
	(367, 2, 2, 10, '67191802', 'Task 83587221', '2023-09-17', '2023-07-30', 1, 3, 1, 83, 92, 'AP', 1, '2022-12-01 12:06:39', '2022-12-01 12:06:39'),
	(368, 13, 3, 8, '88914732', 'Task 30516595', '2023-06-08', '2023-09-27', 2, 2, 3, 40, 55, 'AP', 1, '2022-12-01 12:06:39', '2022-12-01 12:06:39'),
	(369, 1, 2, 8, '98363452', 'Task 86928540', '2023-08-07', '2023-07-24', 3, 2, 2, 47, 94, 'AP', 1, '2022-12-01 12:06:39', '2022-12-01 12:06:39'),
	(370, 17, 3, 13, '76477751', 'Task 01941500', '2023-05-29', '2023-09-04', 1, 1, 1, 37, 58, 'AP', 1, '2022-12-01 12:06:39', '2022-12-01 12:06:39'),
	(371, 2, 3, 8, '29746934', 'Task 16750173', '2023-10-03', '2023-08-26', 2, 2, 3, 46, 94, 'AP', 1, '2022-12-01 12:06:39', '2022-12-01 12:06:39'),
	(372, 18, 3, 5, '22115980', 'Task 84884862', '2022-12-01', '2023-09-27', 1, 2, 2, 100, 65, 'AP', 1, '2022-12-01 12:06:39', '2022-12-01 12:06:39'),
	(373, 14, 3, 9, '47382725', 'Task 22826237', '2023-03-08', '2023-11-23', 2, 1, 3, 20, 57, 'AP', 1, '2022-12-01 12:06:39', '2022-12-01 12:06:39'),
	(374, 3, 3, 4, '30575486', 'Task 71261485', '2022-12-14', '2023-10-11', 2, 3, 2, 88, 94, 'AP', 1, '2022-12-01 12:06:39', '2022-12-01 12:06:39'),
	(375, 6, 2, 19, '00859127', 'Task 92762022', '2023-07-08', '2023-11-05', 2, 3, 1, 47, 99, 'AP', 1, '2022-12-01 12:06:39', '2022-12-01 12:06:39'),
	(376, 9, 2, 8, '64529318', 'Task 00721837', '2023-09-13', '2023-11-21', 2, 1, 3, 51, 55, 'AP', 1, '2022-12-01 12:06:39', '2022-12-01 12:06:39'),
	(377, 8, 2, 7, '59331025', 'Task 50099597', '2023-10-14', '2023-07-01', 3, 2, 1, 29, 66, 'AP', 1, '2022-12-01 12:06:39', '2022-12-01 12:06:39'),
	(378, 19, 3, 2, '64286501', 'Task 16053762', '2023-01-31', '2023-08-03', 1, 3, 1, 60, 49, 'AP', 1, '2022-12-01 12:06:39', '2022-12-01 12:06:39'),
	(379, 3, 1, 4, '35558002', 'Task 81682904', '2023-02-24', '2023-08-30', 1, 1, 1, 46, 20, 'AP', 1, '2022-12-01 12:06:39', '2022-12-01 12:06:39'),
	(380, 13, 1, 6, '15998996', 'Task 63402308', '2023-07-23', '2023-06-28', 1, 2, 3, 96, 31, 'AP', 1, '2022-12-01 12:06:39', '2022-12-01 12:06:39'),
	(381, 8, 1, 13, '86697767', 'Task 68193195', '2023-05-13', '2023-11-25', 1, 1, 2, 73, 61, 'AP', 1, '2022-12-01 12:06:39', '2022-12-01 12:06:39'),
	(382, 2, 3, 15, '51204075', 'Task 39783820', '2023-10-10', '2023-10-18', 3, 2, 1, 90, 13, 'AP', 1, '2022-12-01 12:06:39', '2022-12-01 12:06:39'),
	(383, 16, 3, 6, '17029940', 'Task 96379530', '2023-06-07', '2023-11-14', 1, 3, 2, 40, 34, 'AP', 1, '2022-12-01 12:06:39', '2022-12-01 12:06:39'),
	(384, 17, 3, 12, '37833633', 'Task 35923800', '2023-05-31', '2023-07-03', 3, 2, 3, 58, 32, 'AP', 1, '2022-12-01 12:06:39', '2022-12-01 12:06:39'),
	(385, 4, 3, 1, '96679821', 'Task 27690000', '2023-05-18', '2023-06-12', 2, 2, 2, 34, 60, 'AP', 1, '2022-12-01 12:06:39', '2022-12-01 12:06:39'),
	(386, 17, 2, 15, '79680875', 'Task 78955790', '2023-11-30', '2023-10-12', 3, 1, 3, 29, 46, 'AP', 1, '2022-12-01 12:06:39', '2022-12-01 12:06:39'),
	(387, 20, 1, 19, '04940562', 'Task 52074837', '2023-05-25', '2023-07-22', 2, 3, 2, 82, 50, 'AP', 1, '2022-12-01 12:06:39', '2022-12-01 12:06:39'),
	(388, 11, 2, 18, '31685177', 'Task 38122323', '2022-12-24', '2023-06-29', 1, 3, 1, 20, 21, 'AP', 1, '2022-12-01 12:06:39', '2022-12-01 12:06:39'),
	(389, 16, 1, 18, '05421190', 'Task 29273621', '2023-09-02', '2023-10-06', 3, 3, 2, 35, 50, 'AP', 1, '2022-12-01 12:06:39', '2022-12-01 12:06:39'),
	(390, 16, 3, 12, '03582367', 'Task 65253496', '2023-07-24', '2023-08-09', 1, 3, 2, 38, 100, 'AP', 1, '2022-12-01 12:06:39', '2022-12-01 12:06:39'),
	(391, 3, 2, 20, '51206208', 'Task 35597896', '2023-02-18', '2023-06-24', 3, 2, 1, 86, 25, 'AP', 1, '2022-12-01 12:06:39', '2022-12-01 12:06:39'),
	(392, 17, 3, 16, '41673591', 'Task 01572698', '2023-10-06', '2023-11-09', 1, 2, 2, 22, 100, 'AP', 1, '2022-12-01 12:06:39', '2022-12-01 12:06:39'),
	(393, 20, 3, 1, '91798244', 'Task 02662473', '2023-06-17', '2023-10-09', 2, 2, 2, 63, 81, 'AP', 1, '2022-12-01 12:06:39', '2022-12-01 12:06:39'),
	(394, 7, 1, 8, '54892934', 'Task 56576689', '2023-01-13', '2023-07-21', 1, 1, 1, 96, 69, 'AP', 1, '2022-12-01 12:06:39', '2022-12-01 12:06:39'),
	(395, 2, 3, 1, '97500858', 'Task 68966355', '2023-06-24', '2023-11-02', 2, 2, 2, 97, 24, 'AP', 1, '2022-12-01 12:06:39', '2022-12-01 12:06:39'),
	(396, 20, 1, 15, '57338224', 'Task 84997265', '2023-08-08', '2023-06-13', 1, 2, 1, 53, 29, 'AP', 1, '2022-12-01 12:06:39', '2022-12-01 12:06:39'),
	(397, 17, 2, 18, '06404451', 'Task 46402066', '2023-09-07', '2023-09-21', 2, 3, 3, 77, 34, 'AP', 1, '2022-12-01 12:06:39', '2022-12-01 12:06:39'),
	(398, 9, 3, 7, '26002606', 'Task 67819690', '2023-06-27', '2023-08-02', 2, 3, 1, 28, 100, 'AP', 1, '2022-12-01 12:06:39', '2022-12-01 12:06:39'),
	(399, 14, 2, 7, '84279958', 'Task 04116929', '2023-06-23', '2023-07-04', 3, 1, 3, 15, 48, 'AP', 1, '2022-12-01 12:06:39', '2022-12-01 12:06:39'),
	(400, 10, 3, 3, '93400183', 'Task 85077430', '2023-05-30', '2023-08-28', 2, 1, 3, 96, 96, 'AP', 1, '2022-12-01 12:06:39', '2022-12-01 12:06:39'),
	(401, 20, 2, 15, '46196002', 'Task 11918066', '2023-05-26', '2023-06-12', 1, 2, 3, 48, 43, 'AP', 1, '2022-12-01 12:06:39', '2022-12-01 12:06:39'),
	(402, 6, 3, 1, '82949815', 'Task 02604060', '2023-09-01', '2023-07-06', 3, 3, 2, 56, 85, 'AP', 1, '2022-12-01 12:06:39', '2022-12-01 12:06:39'),
	(403, 12, 2, 20, '93957984', 'Task 60509703', '2023-11-08', '2023-07-09', 2, 2, 1, 17, 50, 'AP', 1, '2022-12-01 12:06:39', '2022-12-01 12:06:39'),
	(404, 6, 1, 9, '68407582', 'Task 42063797', '2023-09-26', '2023-07-02', 3, 1, 1, 29, 34, 'AP', 1, '2022-12-01 12:06:39', '2022-12-01 12:06:39'),
	(405, 7, 1, 1, '23817913', 'Task 61211254', '2023-06-17', '2023-09-15', 2, 3, 1, 32, 88, 'AP', 1, '2022-12-01 12:06:39', '2022-12-01 12:06:39'),
	(406, 5, 2, 4, '47552418', 'Task 18005592', '2023-11-24', '2023-10-31', 2, 3, 3, 45, 48, 'AP', 1, '2022-12-01 12:06:39', '2022-12-01 12:06:39'),
	(407, 14, 1, 18, '57445373', 'Task 44588052', '2023-11-17', '2023-11-03', 1, 3, 1, 92, 94, 'AP', 1, '2022-12-01 12:06:39', '2022-12-01 12:06:39'),
	(408, 17, 3, 6, '68876517', 'Task 85503953', '2022-12-20', '2023-11-07', 1, 3, 1, 89, 74, 'AP', 1, '2022-12-01 12:06:39', '2022-12-01 12:06:39'),
	(409, 16, 1, 12, '33341873', 'Task 85590885', '2023-03-19', '2023-08-21', 3, 3, 1, 16, 94, 'AP', 1, '2022-12-01 12:06:39', '2022-12-01 12:06:39'),
	(410, 6, 1, 9, '39843050', 'Task 40228983', '2023-10-18', '2023-11-02', 2, 3, 2, 47, 98, 'AP', 1, '2022-12-01 12:06:39', '2022-12-01 12:06:39'),
	(411, 6, 2, 15, '21861727', 'Task 95882369', '2022-12-13', '2023-10-01', 2, 1, 1, 94, 38, 'AP', 1, '2022-12-01 12:06:39', '2022-12-01 12:06:39'),
	(412, 14, 3, 20, '79728461', 'Task 13861971', '2023-05-16', '2023-10-31', 1, 2, 3, 74, 19, 'AP', 1, '2022-12-01 12:06:39', '2022-12-01 12:06:39'),
	(413, 17, 1, 5, '83334719', 'Task 06101909', '2023-09-19', '2023-09-13', 2, 3, 1, 12, 11, 'AP', 1, '2022-12-01 12:06:39', '2022-12-01 12:06:39'),
	(414, 1, 2, 19, '30810167', 'Task 52223419', '2023-03-02', '2023-07-01', 3, 3, 3, 59, 35, 'AP', 1, '2022-12-01 12:06:40', '2022-12-01 12:06:40'),
	(415, 10, 2, 12, '57448992', 'Task 84147202', '2023-09-24', '2023-09-23', 1, 3, 3, 84, 32, 'AP', 1, '2022-12-01 12:06:40', '2022-12-01 12:06:40'),
	(416, 6, 2, 12, '30750623', 'Task 29822058', '2023-03-25', '2023-06-07', 3, 1, 2, 36, 44, 'AP', 1, '2022-12-01 12:06:40', '2022-12-01 12:06:40'),
	(417, 19, 3, 1, '05131525', 'Task 44644468', '2023-08-12', '2023-07-12', 1, 3, 1, 25, 98, 'AP', 1, '2022-12-01 12:06:40', '2022-12-01 12:06:40'),
	(418, 17, 3, 17, '87398052', 'Task 64310657', '2023-07-25', '2023-08-13', 3, 3, 3, 96, 11, 'AP', 1, '2022-12-01 12:06:40', '2022-12-01 12:06:40'),
	(419, 13, 1, 5, '78802537', 'Task 76198014', '2023-04-05', '2023-07-15', 1, 2, 2, 68, 77, 'AP', 1, '2022-12-01 12:06:40', '2022-12-01 12:06:40'),
	(420, 4, 3, 19, '95353098', 'Task 03700884', '2023-11-17', '2023-10-02', 3, 1, 3, 46, 17, 'AP', 1, '2022-12-01 12:06:40', '2022-12-01 12:06:40'),
	(421, 18, 1, 2, '08282415', 'Task 00749008', '2023-02-22', '2023-09-29', 3, 2, 1, 45, 11, 'AP', 1, '2022-12-01 12:06:40', '2022-12-01 12:06:40'),
	(422, 6, 3, 11, '57221809', 'Task 65260661', '2023-11-25', '2023-09-13', 1, 3, 2, 61, 68, 'AP', 1, '2022-12-01 12:06:40', '2022-12-01 12:06:40'),
	(423, 19, 1, 16, '97830658', 'Task 80563693', '2023-08-04', '2023-07-21', 2, 1, 3, 58, 74, 'AP', 1, '2022-12-01 12:06:40', '2022-12-01 12:06:40'),
	(424, 16, 2, 16, '90312182', 'Task 79034258', '2023-01-02', '2023-08-09', 1, 1, 3, 41, 76, 'AP', 1, '2022-12-01 12:06:40', '2022-12-01 12:06:40'),
	(425, 9, 2, 12, '24439916', 'Task 56154771', '2023-07-24', '2023-06-17', 1, 2, 3, 87, 79, 'AP', 1, '2022-12-01 12:06:40', '2022-12-01 12:06:40'),
	(426, 5, 3, 8, '87473391', 'Task 54505872', '2023-01-12', '2023-09-17', 1, 1, 2, 61, 93, 'AP', 1, '2022-12-01 12:06:40', '2022-12-01 12:06:40'),
	(427, 17, 1, 15, '90447525', 'Task 53362094', '2023-01-03', '2023-07-06', 1, 1, 3, 15, 49, 'AP', 1, '2022-12-01 12:06:40', '2022-12-01 12:06:40'),
	(428, 11, 2, 2, '83808821', 'Task 18049930', '2022-12-19', '2023-08-19', 1, 1, 2, 44, 30, 'AP', 1, '2022-12-01 12:06:40', '2022-12-01 12:06:40'),
	(429, 11, 2, 10, '91414311', 'Task 52772276', '2023-08-16', '2023-10-29', 3, 1, 1, 82, 94, 'AP', 1, '2022-12-01 12:06:40', '2022-12-01 12:06:40'),
	(430, 14, 1, 16, '22627285', 'Task 66379300', '2023-02-06', '2023-10-07', 3, 2, 3, 45, 69, 'AP', 1, '2022-12-01 12:06:40', '2022-12-01 12:06:40'),
	(431, 7, 3, 11, '51023263', 'Task 74955039', '2023-01-20', '2023-09-28', 3, 2, 2, 57, 22, 'AP', 1, '2022-12-01 12:06:40', '2022-12-01 12:06:40'),
	(432, 17, 3, 16, '23999367', 'Task 94218299', '2023-06-20', '2023-11-21', 2, 2, 1, 51, 88, 'AP', 1, '2022-12-01 12:06:40', '2022-12-01 12:06:40'),
	(433, 11, 3, 11, '48561907', 'Task 21528361', '2023-04-20', '2023-08-23', 1, 1, 3, 56, 53, 'AP', 1, '2022-12-01 12:06:40', '2022-12-01 12:06:40'),
	(434, 13, 3, 12, '36120291', 'Task 78608603', '2023-08-27', '2023-10-31', 3, 2, 3, 30, 19, 'AP', 1, '2022-12-01 12:06:40', '2022-12-01 12:06:40'),
	(435, 17, 1, 3, '78855441', 'Task 27913949', '2023-10-02', '2023-09-01', 3, 3, 3, 63, 96, 'AP', 1, '2022-12-01 12:06:40', '2022-12-01 12:06:40'),
	(436, 11, 2, 11, '56292893', 'Task 71199054', '2023-06-15', '2023-10-09', 3, 3, 3, 56, 81, 'AP', 1, '2022-12-01 12:06:40', '2022-12-01 12:06:40'),
	(437, 3, 2, 16, '38645686', 'Task 19088457', '2023-01-24', '2023-06-15', 3, 2, 3, 60, 57, 'AP', 1, '2022-12-01 12:06:40', '2022-12-01 12:06:40'),
	(438, 7, 3, 8, '70865349', 'Task 74667963', '2023-03-21', '2023-11-08', 2, 2, 3, 55, 95, 'AP', 1, '2022-12-01 12:06:40', '2022-12-01 12:06:40'),
	(439, 20, 2, 12, '03901892', 'Task 05923649', '2023-07-30', '2023-10-01', 3, 3, 2, 47, 39, 'AP', 1, '2022-12-01 12:06:40', '2022-12-01 12:06:40'),
	(440, 15, 3, 1, '12518241', 'Task 59936947', '2023-09-11', '2023-08-05', 3, 2, 2, 79, 72, 'AP', 1, '2022-12-01 12:06:40', '2022-12-01 12:06:40'),
	(441, 15, 2, 19, '75194109', 'Task 37143787', '2023-07-31', '2023-10-10', 2, 1, 2, 76, 82, 'AP', 1, '2022-12-01 12:06:40', '2022-12-01 12:06:40'),
	(442, 15, 3, 12, '70976762', 'Task 27116104', '2023-11-12', '2023-10-05', 3, 3, 1, 76, 43, 'AP', 1, '2022-12-01 12:06:40', '2022-12-01 12:06:40'),
	(443, 12, 2, 5, '90030406', 'Task 03772720', '2023-11-25', '2023-10-15', 1, 3, 2, 34, 43, 'AP', 1, '2022-12-01 12:06:40', '2022-12-01 12:06:40'),
	(444, 8, 3, 11, '49241044', 'Task 48931830', '2023-04-26', '2023-07-09', 2, 2, 2, 17, 66, 'AP', 1, '2022-12-01 12:06:40', '2022-12-01 12:06:40'),
	(445, 17, 3, 2, '27444900', 'Task 25521481', '2023-11-15', '2023-10-24', 3, 2, 2, 98, 65, 'AP', 1, '2022-12-01 12:06:40', '2022-12-01 12:06:40'),
	(446, 16, 1, 4, '00098540', 'Task 88720128', '2023-07-06', '2023-06-24', 2, 3, 3, 27, 61, 'AP', 1, '2022-12-01 12:06:40', '2022-12-01 12:06:40'),
	(447, 19, 3, 3, '40573243', 'Task 62962551', '2023-01-04', '2023-08-21', 2, 1, 2, 59, 70, 'AP', 1, '2022-12-01 12:06:40', '2022-12-01 12:06:40'),
	(448, 5, 3, 1, '37989088', 'Task 27889763', '2023-07-26', '2023-10-25', 1, 3, 2, 31, 73, 'AP', 1, '2022-12-01 12:06:40', '2022-12-01 12:06:40'),
	(449, 14, 1, 18, '11744726', 'Task 57000664', '2023-11-02', '2023-10-31', 3, 1, 1, 50, 17, 'AP', 1, '2022-12-01 12:06:40', '2022-12-01 12:06:40'),
	(450, 16, 1, 5, '92402126', 'Task 65361542', '2023-10-24', '2023-09-17', 1, 3, 2, 59, 70, 'AP', 1, '2022-12-01 12:06:40', '2022-12-01 12:06:40'),
	(451, 11, 1, 17, '31468657', 'Task 61239593', '2023-11-17', '2023-09-20', 2, 3, 1, 31, 41, 'AP', 1, '2022-12-01 12:06:40', '2022-12-01 12:06:40'),
	(452, 9, 2, 12, '89042281', 'Task 45927997', '2023-01-22', '2023-06-04', 3, 2, 3, 31, 60, 'AP', 1, '2022-12-01 12:06:40', '2022-12-01 12:06:40'),
	(453, 4, 2, 1, '78759602', 'Task 64893426', '2023-07-21', '2023-10-03', 2, 1, 2, 17, 18, 'AP', 1, '2022-12-01 12:06:40', '2022-12-01 12:06:40'),
	(454, 20, 1, 11, '80220466', 'Task 20026769', '2023-04-11', '2023-09-30', 2, 1, 3, 50, 78, 'AP', 1, '2022-12-01 12:06:40', '2022-12-01 12:06:40'),
	(455, 16, 2, 3, '81186631', 'Task 70054026', '2023-06-22', '2023-11-07', 2, 3, 3, 13, 67, 'AP', 1, '2022-12-01 12:06:40', '2022-12-01 12:06:40'),
	(456, 16, 2, 8, '66379317', 'Task 49390131', '2022-12-26', '2023-11-27', 2, 1, 1, 23, 76, 'AP', 1, '2022-12-01 12:06:40', '2022-12-01 12:06:40'),
	(457, 8, 2, 6, '44228910', 'Task 57126609', '2023-07-03', '2023-11-05', 2, 2, 3, 92, 90, 'AP', 1, '2022-12-01 12:06:40', '2022-12-01 12:06:40'),
	(458, 18, 2, 3, '30280014', 'Task 68289836', '2023-10-15', '2023-11-30', 2, 2, 1, 38, 67, 'AP', 1, '2022-12-01 12:06:40', '2022-12-01 12:06:40'),
	(459, 3, 3, 12, '69858222', 'Task 43524785', '2023-07-17', '2023-11-21', 3, 2, 3, 63, 100, 'AP', 1, '2022-12-01 12:06:40', '2022-12-01 12:06:40'),
	(460, 17, 2, 12, '83075988', 'Task 30152830', '2023-11-06', '2023-08-10', 2, 3, 2, 84, 68, 'AP', 1, '2022-12-01 12:06:40', '2022-12-01 12:06:40'),
	(461, 13, 1, 18, '13818869', 'Task 20442859', '2022-12-20', '2023-08-23', 3, 2, 1, 93, 72, 'AP', 1, '2022-12-01 12:06:40', '2022-12-01 12:06:40'),
	(462, 14, 3, 20, '88018812', 'Task 88400259', '2023-02-16', '2023-10-29', 2, 2, 3, 59, 95, 'AP', 1, '2022-12-01 12:06:40', '2022-12-01 12:06:40'),
	(463, 17, 2, 14, '84840172', 'Task 65809099', '2022-12-24', '2023-09-15', 2, 1, 2, 71, 33, 'AP', 1, '2022-12-01 12:06:40', '2022-12-01 12:06:40'),
	(464, 2, 3, 12, '93555623', 'Task 76521010', '2023-02-01', '2023-08-25', 2, 1, 1, 31, 62, 'AP', 1, '2022-12-01 12:06:40', '2022-12-01 12:06:40'),
	(465, 6, 3, 15, '81571598', 'Task 69710421', '2023-09-11', '2023-11-25', 1, 3, 2, 50, 23, 'AP', 1, '2022-12-01 12:06:40', '2022-12-01 12:06:40'),
	(466, 6, 2, 7, '26450384', 'Task 93971485', '2023-08-22', '2023-11-07', 3, 1, 2, 16, 55, 'AP', 1, '2022-12-01 12:06:40', '2022-12-01 12:06:40'),
	(467, 4, 1, 2, '94757460', 'Task 02305639', '2023-05-31', '2023-06-05', 3, 3, 2, 90, 75, 'AP', 1, '2022-12-01 12:06:40', '2022-12-01 12:06:40'),
	(468, 20, 3, 17, '37668488', 'Task 96004364', '2023-02-15', '2023-09-20', 1, 1, 1, 37, 11, 'AP', 1, '2022-12-01 12:06:41', '2022-12-01 12:06:41'),
	(469, 1, 2, 17, '57112015', 'Task 62590709', '2023-01-04', '2023-08-21', 1, 2, 3, 90, 62, 'AP', 1, '2022-12-01 12:06:41', '2022-12-01 12:06:41'),
	(470, 14, 3, 11, '76428418', 'Task 74672110', '2023-01-05', '2023-07-08', 2, 2, 1, 87, 98, 'AP', 1, '2022-12-01 12:06:41', '2022-12-01 12:06:41'),
	(471, 9, 3, 20, '94346015', 'Task 37616595', '2022-12-30', '2023-11-27', 3, 2, 3, 30, 81, 'AP', 1, '2022-12-01 12:06:41', '2022-12-01 12:06:41'),
	(472, 7, 1, 16, '92058903', 'Task 63650990', '2023-06-25', '2023-07-01', 2, 1, 2, 25, 92, 'AP', 1, '2022-12-01 12:06:41', '2022-12-01 12:06:41'),
	(473, 9, 3, 6, '54514324', 'Task 60059611', '2023-08-24', '2023-07-20', 2, 3, 2, 13, 74, 'AP', 1, '2022-12-01 12:06:41', '2022-12-01 12:06:41'),
	(474, 19, 1, 5, '74915545', 'Task 14224119', '2023-05-04', '2023-11-30', 1, 3, 3, 98, 44, 'AP', 1, '2022-12-01 12:06:41', '2022-12-01 12:06:41'),
	(475, 6, 2, 14, '82339968', 'Task 40174211', '2023-04-21', '2023-09-12', 1, 2, 3, 90, 19, 'AP', 1, '2022-12-01 12:06:41', '2022-12-01 12:06:41'),
	(476, 12, 1, 4, '01837421', 'Task 20681470', '2023-01-21', '2023-07-24', 3, 1, 1, 75, 93, 'AP', 1, '2022-12-01 12:06:41', '2022-12-01 12:06:41'),
	(477, 3, 2, 12, '44466862', 'Task 64645155', '2023-01-20', '2023-06-27', 2, 3, 2, 13, 96, 'AP', 1, '2022-12-01 12:06:41', '2022-12-01 12:06:41'),
	(478, 9, 2, 9, '93989237', 'Task 74291656', '2023-03-26', '2023-10-17', 2, 1, 3, 83, 34, 'AP', 1, '2022-12-01 12:06:41', '2022-12-01 12:06:41'),
	(479, 4, 3, 8, '90376146', 'Task 83763489', '2023-01-05', '2023-06-10', 1, 2, 3, 35, 25, 'AP', 1, '2022-12-01 12:06:41', '2022-12-01 12:06:41'),
	(480, 3, 1, 5, '09671713', 'Task 19466217', '2023-04-07', '2023-08-24', 2, 3, 2, 99, 50, 'AP', 1, '2022-12-01 12:06:41', '2022-12-01 12:06:41'),
	(481, 7, 3, 16, '46390271', 'Task 89785324', '2023-09-08', '2023-09-24', 2, 1, 2, 42, 56, 'AP', 1, '2022-12-01 12:06:41', '2022-12-01 12:06:41'),
	(482, 7, 1, 15, '27523636', 'Task 12393923', '2023-03-19', '2023-08-13', 1, 3, 2, 81, 20, 'AP', 1, '2022-12-01 12:06:41', '2022-12-01 12:06:41'),
	(483, 15, 3, 12, '48165105', 'Task 41130650', '2023-10-17', '2023-07-15', 2, 2, 2, 10, 40, 'AP', 1, '2022-12-01 12:06:41', '2022-12-01 12:06:41'),
	(484, 19, 1, 1, '35506683', 'Task 17040990', '2023-07-02', '2023-07-16', 3, 1, 2, 40, 28, 'AP', 1, '2022-12-01 12:06:41', '2022-12-01 12:06:41'),
	(485, 12, 3, 6, '31284592', 'Task 46158963', '2023-10-05', '2023-11-13', 1, 2, 2, 39, 84, 'AP', 1, '2022-12-01 12:06:41', '2022-12-01 12:06:41'),
	(486, 17, 2, 13, '36017744', 'Task 69177712', '2023-04-02', '2023-11-02', 1, 3, 2, 98, 54, 'AP', 1, '2022-12-01 12:06:41', '2022-12-01 12:06:41'),
	(487, 14, 1, 13, '87348958', 'Task 72944073', '2023-09-20', '2023-10-21', 1, 2, 3, 96, 44, 'AP', 1, '2022-12-01 12:06:41', '2022-12-01 12:06:41'),
	(488, 17, 2, 20, '09895294', 'Task 65948927', '2023-06-29', '2023-09-26', 2, 3, 1, 71, 93, 'AP', 1, '2022-12-01 12:06:41', '2022-12-01 12:06:41'),
	(489, 19, 1, 6, '27412497', 'Task 01465792', '2023-02-25', '2023-08-15', 2, 3, 2, 11, 67, 'AP', 1, '2022-12-01 12:06:41', '2022-12-01 12:06:41'),
	(490, 5, 2, 12, '22628701', 'Task 33918129', '2023-04-29', '2023-11-24', 2, 3, 2, 13, 67, 'AP', 1, '2022-12-01 12:06:41', '2022-12-01 12:06:41'),
	(491, 1, 2, 5, '27926680', 'Task 88772585', '2023-11-29', '2023-07-09', 3, 2, 3, 76, 69, 'AP', 1, '2022-12-01 12:06:41', '2022-12-01 12:06:41'),
	(492, 12, 2, 5, '94010206', 'Task 59166429', '2023-10-01', '2023-06-19', 2, 2, 2, 15, 97, 'AP', 1, '2022-12-01 12:06:41', '2022-12-01 12:06:41'),
	(493, 14, 2, 3, '08269942', 'Task 25991888', '2023-05-28', '2023-09-11', 1, 1, 3, 74, 87, 'AP', 1, '2022-12-01 12:06:41', '2022-12-01 12:06:41'),
	(494, 17, 2, 13, '93535045', 'Task 04953616', '2023-09-20', '2023-11-13', 2, 3, 2, 64, 15, 'AP', 1, '2022-12-01 12:06:41', '2022-12-01 12:06:41'),
	(495, 14, 2, 3, '63209846', 'Task 82850258', '2023-01-01', '2023-08-04', 1, 2, 1, 39, 32, 'AP', 1, '2022-12-01 12:06:41', '2022-12-01 12:06:41'),
	(496, 16, 3, 12, '16502192', 'Task 82415204', '2023-03-15', '2023-11-15', 1, 3, 1, 28, 50, 'AP', 1, '2022-12-01 12:06:41', '2022-12-01 12:06:41'),
	(497, 20, 3, 1, '53738837', 'Task 90036835', '2023-04-10', '2023-09-07', 3, 3, 1, 53, 79, 'AP', 1, '2022-12-01 12:06:41', '2022-12-01 12:06:41'),
	(498, 17, 3, 14, '31225441', 'Task 98308965', '2023-06-14', '2023-10-25', 3, 2, 1, 25, 48, 'AP', 1, '2022-12-01 12:06:41', '2022-12-01 12:06:41'),
	(499, 10, 2, 5, '95369396', 'Task 44246129', '2023-05-01', '2023-10-28', 3, 1, 2, 89, 30, 'AP', 1, '2022-12-01 12:06:41', '2022-12-01 12:06:41'),
	(500, 20, 3, 8, '44670030', 'Task 33610177', '2023-08-08', '2023-11-02', 1, 2, 3, 20, 65, 'AP', 1, '2022-12-01 12:06:41', '2022-12-01 12:06:41');
/*!40000 ALTER TABLE `tasks` ENABLE KEYS */;

-- Dumping structure for table pimku.users
CREATE TABLE IF NOT EXISTS `users` (
  `id` bigint(20) unsigned NOT NULL AUTO_INCREMENT,
  `name` varchar(255) COLLATE utf8mb4_unicode_ci DEFAULT NULL,
  `email` varchar(255) COLLATE utf8mb4_unicode_ci NOT NULL,
  `phone` varchar(255) COLLATE utf8mb4_unicode_ci NOT NULL,
  `email_verified_at` timestamp NULL DEFAULT NULL,
  `password` varchar(255) COLLATE utf8mb4_unicode_ci DEFAULT NULL,
  `plan` int(11) DEFAULT NULL,
  `plan_expire_date` date DEFAULT NULL,
  `type` varchar(100) COLLATE utf8mb4_unicode_ci DEFAULT NULL,
  `is_active` int(11) NOT NULL DEFAULT '1',
  `remember_token` varchar(100) COLLATE utf8mb4_unicode_ci DEFAULT NULL,
  `register_token` varchar(255) COLLATE utf8mb4_unicode_ci DEFAULT NULL,
  `last_login_at` datetime DEFAULT NULL,
  `created_at` timestamp NULL DEFAULT NULL,
  `updated_at` timestamp NULL DEFAULT NULL,
  `deleted_at` timestamp NULL DEFAULT NULL,
  PRIMARY KEY (`id`) USING BTREE,
  UNIQUE KEY `users_email_unique` (`email`) USING BTREE
) ENGINE=InnoDB AUTO_INCREMENT=11 DEFAULT CHARSET=utf8mb4 COLLATE=utf8mb4_unicode_ci;

-- Dumping data for table pimku.users: ~1 rows (approximately)
/*!40000 ALTER TABLE `users` DISABLE KEYS */;
REPLACE INTO `users` (`id`, `name`, `email`, `phone`, `email_verified_at`, `password`, `plan`, `plan_expire_date`, `type`, `is_active`, `remember_token`, `register_token`, `last_login_at`, `created_at`, `updated_at`, `deleted_at`) VALUES
	(1, 'Arbi Pramana', 'arbipram@gmail.com', '081290080600', '2022-11-22 07:30:04', '$2y$10$tv6VQt.pnCOmll/lZHVpt..loCeIEyN1OWeqRSHTKyzWb64.rzAru', 1, '2022-12-22', 'users', 1, NULL, '1', NULL, '2022-11-22 06:55:41', '2022-11-28 12:17:01', NULL);
/*!40000 ALTER TABLE `users` ENABLE KEYS */;

/*!40101 SET SQL_MODE=IFNULL(@OLD_SQL_MODE, '') */;
/*!40014 SET FOREIGN_KEY_CHECKS=IFNULL(@OLD_FOREIGN_KEY_CHECKS, 1) */;
/*!40101 SET CHARACTER_SET_CLIENT=@OLD_CHARACTER_SET_CLIENT */;
/*!40111 SET SQL_NOTES=IFNULL(@OLD_SQL_NOTES, 1) */;
